,base_score,lr,reg_alpha,reg_lambda,test_accuracy,train_accuracy
1,0.4,0.1,0.0,0.0,0.9948238104718296,1.0
2,0.5,0.1,0.0,0.0,0.9950228946844515,1.0
3,0.6,0.1,0.0,0.0,0.9946247262592076,1.0
4,0.4,0.1,0.0,0.2,0.9948238104718296,1.0
5,0.5,0.1,0.0,0.2,0.9942265578339637,1.0
6,0.6,0.1,0.0,0.2,0.9946247262592076,1.0
7,0.4,0.1,0.0,0.5,0.9948238104718296,1.0
8,0.5,0.1,0.0,0.5,0.9948238104718296,1.0
9,0.6,0.1,0.0,0.5,0.9944256420465857,1.0
10,0.4,0.1,0.0,0.8,0.9946247262592076,1.0
11,0.5,0.1,0.0,0.8,0.9944256420465857,1.0
12,0.6,0.1,0.0,0.8,0.9946247262592076,1.0
13,0.4,0.1,0.0,1.0,0.9942265578339637,1.0
14,0.5,0.1,0.0,1.0,0.9944256420465857,1.0
15,0.6,0.1,0.0,1.0,0.9944256420465857,1.0
16,0.4,0.1,0.2,0.0,0.9944256420465857,1.0
17,0.5,0.1,0.2,0.0,0.9942265578339637,1.0
18,0.6,0.1,0.2,0.0,0.9942265578339637,1.0
19,0.4,0.1,0.2,0.2,0.9946247262592076,1.0
20,0.5,0.1,0.2,0.2,0.9948238104718296,1.0
21,0.6,0.1,0.2,0.2,0.9944256420465857,1.0
22,0.4,0.1,0.2,0.5,0.9944256420465857,1.0
23,0.5,0.1,0.2,0.5,0.9946247262592076,1.0
24,0.6,0.1,0.2,0.5,0.9946247262592076,1.0
25,0.4,0.1,0.2,0.8,0.9948238104718296,1.0
26,0.5,0.1,0.2,0.8,0.9944256420465857,1.0
27,0.6,0.1,0.2,0.8,0.9942265578339637,1.0
28,0.4,0.1,0.2,1.0,0.9944256420465857,1.0
29,0.5,0.1,0.2,1.0,0.9946247262592076,1.0
30,0.6,0.1,0.2,1.0,0.9946247262592076,1.0
31,0.4,0.1,0.5,0.0,0.9948238104718296,0.9998008959681434
32,0.5,0.1,0.5,0.0,0.9946247262592076,0.9999004479840716
33,0.6,0.1,0.5,0.0,0.9952219788970734,0.9998008959681434
34,0.4,0.1,0.5,0.2,0.9952219788970734,0.9999004479840716
35,0.5,0.1,0.5,0.2,0.9948238104718296,0.9999502239920358
36,0.6,0.1,0.5,0.2,0.9952219788970734,0.9998506719761076
37,0.4,0.1,0.5,0.5,0.9954210631096954,0.9998506719761076
38,0.5,0.1,0.5,0.5,0.9954210631096954,0.9998506719761076
39,0.6,0.1,0.5,0.5,0.9950228946844515,0.9998008959681434
40,0.4,0.1,0.5,0.8,0.9950228946844515,0.9999004479840716
41,0.5,0.1,0.5,0.8,0.9956201473223173,0.9998506719761076
42,0.6,0.1,0.5,0.8,0.9950228946844515,0.9998008959681434
43,0.4,0.1,0.5,1.0,0.9954210631096954,0.9998506719761076
44,0.5,0.1,0.5,1.0,0.9948238104718296,0.9999502239920358
45,0.6,0.1,0.5,1.0,0.9950228946844515,0.9997511199601792
46,0.4,0.1,0.8,0.0,0.9954210631096954,0.9994026879044301
47,0.5,0.1,0.8,0.0,0.9952219788970734,0.9994026879044301
48,0.6,0.1,0.8,0.0,0.9948238104718296,0.9995520159283225
49,0.4,0.1,0.8,0.2,0.9952219788970734,0.9994026879044301
50,0.5,0.1,0.8,0.2,0.9954210631096954,0.9995520159283225
51,0.6,0.1,0.8,0.2,0.9952219788970734,0.9995520159283225
52,0.4,0.1,0.8,0.5,0.9950228946844515,0.9994026879044301
53,0.5,0.1,0.8,0.5,0.9954210631096954,0.9995022399203584
54,0.6,0.1,0.8,0.5,0.9954210631096954,0.9996017919362867
55,0.4,0.1,0.8,0.8,0.9956201473223173,0.9994026879044301
56,0.5,0.1,0.8,0.8,0.9956201473223173,0.9995520159283225
57,0.6,0.1,0.8,0.8,0.9952219788970734,0.9994524639123942
58,0.4,0.1,0.8,1.0,0.9950228946844515,0.9994026879044301
59,0.5,0.1,0.8,1.0,0.9948238104718296,0.9996017919362867
60,0.6,0.1,0.8,1.0,0.9952219788970734,0.9994524639123942
61,0.4,0.1,1.0,0.0,0.9952219788970734,0.9992533598805375
62,0.5,0.1,1.0,0.0,0.9952219788970734,0.9993031358885017
63,0.6,0.1,1.0,0.0,0.9950228946844515,0.9993529118964659
64,0.4,0.1,1.0,0.2,0.9956201473223173,0.9992035838725735
65,0.5,0.1,1.0,0.2,0.9954210631096954,0.9993031358885017
66,0.6,0.1,1.0,0.2,0.9958192315349392,0.9994026879044301
67,0.4,0.1,1.0,0.5,0.9956201473223173,0.9991538078646093
68,0.5,0.1,1.0,0.5,0.9960183157475612,0.9993031358885017
69,0.6,0.1,1.0,0.5,0.9956201473223173,0.9993529118964659
70,0.4,0.1,1.0,0.8,0.9956201473223173,0.9992035838725735
71,0.5,0.1,1.0,0.8,0.9956201473223173,0.9993031358885017
72,0.6,0.1,1.0,0.8,0.9956201473223173,0.9993031358885017
73,0.4,0.1,1.0,1.0,0.9952219788970734,0.9992035838725735
74,0.5,0.1,1.0,1.0,0.9948238104718296,0.9992035838725735
75,0.6,0.1,1.0,1.0,0.9956201473223173,0.9991538078646093
76,0.4,0.01,0.0,0.0,0.9950228946844515,0.9975111996017919
77,0.5,0.01,0.0,0.0,0.9940274736213418,0.9967645594823296
78,0.6,0.01,0.0,0.0,0.9942265578339637,0.9973618715778995
79,0.4,0.01,0.0,0.2,0.9942265578339637,0.9967147834743654
80,0.5,0.01,0.0,0.2,0.9942265578339637,0.9967645594823296
81,0.6,0.01,0.0,0.2,0.9940274736213418,0.9963663514186162
82,0.4,0.01,0.0,0.5,0.9936293051960979,0.9957690393230463
83,0.5,0.01,0.0,0.5,0.9942265578339637,0.9963663514186162
84,0.6,0.01,0.0,0.5,0.9942265578339637,0.9970632155301145
85,0.4,0.01,0.0,0.8,0.9942265578339637,0.9967645594823296
86,0.5,0.01,0.0,0.8,0.9944256420465857,0.9963663514186162
87,0.6,0.01,0.0,0.8,0.9938283894087199,0.9959681433549029
88,0.4,0.01,0.0,1.0,0.9946247262592076,0.9968641114982578
89,0.5,0.01,0.0,1.0,0.9938283894087199,0.9957690393230463
90,0.6,0.01,0.0,1.0,0.9946247262592076,0.996913887506222
91,0.4,0.01,0.2,0.0,0.9940274736213418,0.9965156794425087
92,0.5,0.01,0.2,0.0,0.9940274736213418,0.9964161274265804
93,0.6,0.01,0.2,0.0,0.9944256420465857,0.9969636635141862
94,0.4,0.01,0.2,0.2,0.9938283894087199,0.9964161274265804
95,0.5,0.01,0.2,0.2,0.9938283894087199,0.9964161274265804
96,0.6,0.01,0.2,0.2,0.9942265578339637,0.9969636635141862
97,0.4,0.01,0.2,0.5,0.9946247262592076,0.996913887506222
98,0.5,0.01,0.2,0.5,0.9946247262592076,0.9968641114982578
99,0.6,0.01,0.2,0.5,0.9942265578339637,0.9968143354902936
100,0.4,0.01,0.2,0.8,0.9944256420465857,0.9968641114982578
101,0.5,0.01,0.2,0.8,0.9930320525582321,0.995370831259333
102,0.6,0.01,0.2,0.8,0.9940274736213418,0.9964161274265804
103,0.4,0.01,0.2,1.0,0.9946247262592076,0.9969636635141862
104,0.5,0.01,0.2,1.0,0.9942265578339637,0.9964161274265804
105,0.6,0.01,0.2,1.0,0.9944256420465857,0.9969636635141862
106,0.4,0.01,0.5,0.0,0.9944256420465857,0.9967645594823296
107,0.5,0.01,0.5,0.0,0.9940274736213418,0.9966650074664012
108,0.6,0.01,0.5,0.0,0.9946247262592076,0.997212543554007
109,0.4,0.01,0.5,0.2,0.9944256420465857,0.9968641114982578
110,0.5,0.01,0.5,0.2,0.9944256420465857,0.9967645594823296
111,0.6,0.01,0.5,0.2,0.9950228946844515,0.9970632155301145
112,0.4,0.01,0.5,0.5,0.9944256420465857,0.9968143354902936
113,0.5,0.01,0.5,0.5,0.9944256420465857,0.996615231458437
114,0.6,0.01,0.5,0.5,0.9944256420465857,0.996913887506222
115,0.4,0.01,0.5,0.8,0.9944256420465857,0.9963663514186162
116,0.5,0.01,0.5,0.8,0.9944256420465857,0.9967645594823296
117,0.6,0.01,0.5,0.8,0.9942265578339637,0.9968641114982578
118,0.4,0.01,0.5,1.0,0.9944256420465857,0.996615231458437
119,0.5,0.01,0.5,1.0,0.9946247262592076,0.9964659034345446
120,0.6,0.01,0.5,1.0,0.9946247262592076,0.9968143354902936
121,0.4,0.01,0.8,0.0,0.9942265578339637,0.9968143354902936
122,0.5,0.01,0.8,0.0,0.9948238104718296,0.9970134395221503
123,0.6,0.01,0.8,0.0,0.9948238104718296,0.9971129915380786
124,0.4,0.01,0.8,0.2,0.9946247262592076,0.9970134395221503
125,0.5,0.01,0.8,0.2,0.9952219788970734,0.9970632155301145
126,0.6,0.01,0.8,0.2,0.9942265578339637,0.9968641114982578
127,0.4,0.01,0.8,0.5,0.9944256420465857,0.9965156794425087
128,0.5,0.01,0.8,0.5,0.9946247262592076,0.9966650074664012
129,0.6,0.01,0.8,0.5,0.9942265578339637,0.9968143354902936
130,0.4,0.01,0.8,0.8,0.9948238104718296,0.9969636635141862
131,0.5,0.01,0.8,0.8,0.9942265578339637,0.9960179193628671
132,0.6,0.01,0.8,0.8,0.9946247262592076,0.9967147834743654
133,0.4,0.01,0.8,1.0,0.9940274736213418,0.9959681433549029
134,0.5,0.01,0.8,1.0,0.9942265578339637,0.9961174713787955
135,0.6,0.01,0.8,1.0,0.9926338841329883,0.9949726231956197
136,0.4,0.01,1.0,0.0,0.9944256420465857,0.9968143354902936
137,0.5,0.01,1.0,0.0,0.9952219788970734,0.9970134395221503
138,0.6,0.01,1.0,0.0,0.9952219788970734,0.9970632155301145
139,0.4,0.01,1.0,0.2,0.9952219788970734,0.9970632155301145
140,0.5,0.01,1.0,0.2,0.9948238104718296,0.9969636635141862
141,0.6,0.01,1.0,0.2,0.9944256420465857,0.9968641114982578
142,0.4,0.01,1.0,0.5,0.9944256420465857,0.9967147834743654
143,0.5,0.01,1.0,0.5,0.9942265578339637,0.9961174713787955
144,0.6,0.01,1.0,0.5,0.9944256420465857,0.9966650074664012
145,0.4,0.01,1.0,0.8,0.9946247262592076,0.996913887506222
146,0.5,0.01,1.0,0.8,0.9928329683456102,0.9949726231956197
147,0.6,0.01,1.0,0.8,0.9944256420465857,0.9966650074664012
148,0.4,0.01,1.0,1.0,0.9946247262592076,0.9967645594823296
149,0.5,0.01,1.0,1.0,0.9926338841329883,0.9949726231956197
150,0.6,0.01,1.0,1.0,0.9942265578339637,0.9960676953708313
151,0.4,0.001,0.0,0.0,0.9625721680270755,0.9594823295171727
152,0.5,0.001,0.0,0.0,0.9749153892096357,0.9733698357391737
153,0.6,0.001,0.0,0.0,0.9753135576348796,0.9733698357391737
154,0.4,0.001,0.0,0.2,0.9625721680270755,0.9594823295171727
155,0.5,0.001,0.0,0.2,0.9749153892096357,0.9733698357391737
156,0.6,0.001,0.0,0.2,0.9753135576348796,0.9733698357391737
157,0.4,0.001,0.0,0.5,0.9625721680270755,0.9594823295171727
158,0.5,0.001,0.0,0.5,0.9753135576348796,0.9733698357391737
159,0.6,0.001,0.0,0.5,0.9753135576348796,0.9733698357391737
160,0.4,0.001,0.0,0.8,0.9625721680270755,0.9594823295171727
161,0.5,0.001,0.0,0.8,0.9753135576348796,0.9733698357391737
162,0.6,0.001,0.0,0.8,0.9753135576348796,0.9733698357391737
163,0.4,0.001,0.0,1.0,0.9625721680270755,0.9594823295171727
164,0.5,0.001,0.0,1.0,0.9753135576348796,0.9733698357391737
165,0.6,0.001,0.0,1.0,0.9753135576348796,0.9733698357391737
166,0.4,0.001,0.2,0.0,0.9625721680270755,0.9594823295171727
167,0.5,0.001,0.2,0.0,0.9749153892096357,0.9733698357391737
168,0.6,0.001,0.2,0.0,0.9753135576348796,0.9733698357391737
169,0.4,0.001,0.2,0.2,0.9625721680270755,0.9594823295171727
170,0.5,0.001,0.2,0.2,0.9753135576348796,0.9733698357391737
171,0.6,0.001,0.2,0.2,0.9753135576348796,0.9733698357391737
172,0.4,0.001,0.2,0.5,0.9625721680270755,0.9594823295171727
173,0.5,0.001,0.2,0.5,0.9749153892096357,0.9733698357391737
174,0.6,0.001,0.2,0.5,0.9753135576348796,0.9733698357391737
175,0.4,0.001,0.2,0.8,0.9625721680270755,0.9594823295171727
176,0.5,0.001,0.2,0.8,0.9749153892096357,0.9733698357391737
177,0.6,0.001,0.2,0.8,0.9753135576348796,0.9733698357391737
178,0.4,0.001,0.2,1.0,0.9625721680270755,0.9594823295171727
179,0.5,0.001,0.2,1.0,0.9749153892096357,0.9733698357391737
180,0.6,0.001,0.2,1.0,0.9753135576348796,0.9733698357391737
181,0.4,0.001,0.5,0.0,0.9625721680270755,0.9594823295171727
182,0.5,0.001,0.5,0.0,0.9749153892096357,0.9733698357391737
183,0.6,0.001,0.5,0.0,0.9753135576348796,0.9733698357391737
184,0.4,0.001,0.5,0.2,0.9625721680270755,0.9594823295171727
185,0.5,0.001,0.5,0.2,0.9749153892096357,0.9733698357391737
186,0.6,0.001,0.5,0.2,0.9753135576348796,0.9733698357391737
187,0.4,0.001,0.5,0.5,0.9625721680270755,0.9594823295171727
188,0.5,0.001,0.5,0.5,0.9749153892096357,0.9733698357391737
189,0.6,0.001,0.5,0.5,0.9753135576348796,0.9733698357391737
190,0.4,0.001,0.5,0.8,0.9625721680270755,0.9594823295171727
191,0.5,0.001,0.5,0.8,0.9749153892096357,0.9733698357391737
192,0.6,0.001,0.5,0.8,0.9753135576348796,0.9733698357391737
193,0.4,0.001,0.5,1.0,0.9625721680270755,0.9594823295171727
194,0.5,0.001,0.5,1.0,0.9749153892096357,0.9733698357391737
195,0.6,0.001,0.5,1.0,0.9753135576348796,0.9733698357391737
196,0.4,0.001,0.8,0.0,0.9625721680270755,0.9594823295171727
197,0.5,0.001,0.8,0.0,0.9749153892096357,0.9733698357391737
198,0.6,0.001,0.8,0.0,0.9753135576348796,0.9733698357391737
199,0.4,0.001,0.8,0.2,0.9625721680270755,0.9594823295171727
200,0.5,0.001,0.8,0.2,0.9749153892096357,0.9733698357391737
201,0.6,0.001,0.8,0.2,0.9753135576348796,0.9733698357391737
202,0.4,0.001,0.8,0.5,0.9625721680270755,0.9594823295171727
203,0.5,0.001,0.8,0.5,0.9749153892096357,0.9733698357391737
204,0.6,0.001,0.8,0.5,0.9753135576348796,0.9733698357391737
205,0.4,0.001,0.8,0.8,0.9625721680270755,0.9594823295171727
206,0.5,0.001,0.8,0.8,0.9749153892096357,0.9733698357391737
207,0.6,0.001,0.8,0.8,0.9753135576348796,0.9733698357391737
208,0.4,0.001,0.8,1.0,0.9625721680270755,0.9594823295171727
209,0.5,0.001,0.8,1.0,0.9749153892096357,0.9733698357391737
210,0.6,0.001,0.8,1.0,0.9753135576348796,0.9733698357391737
211,0.4,0.001,1.0,0.0,0.9625721680270755,0.9594823295171727
212,0.5,0.001,1.0,0.0,0.9749153892096357,0.9733698357391737
213,0.6,0.001,1.0,0.0,0.9753135576348796,0.9733698357391737
214,0.4,0.001,1.0,0.2,0.9625721680270755,0.9594823295171727
215,0.5,0.001,1.0,0.2,0.9749153892096357,0.9733698357391737
216,0.6,0.001,1.0,0.2,0.9753135576348796,0.9733698357391737
217,0.4,0.001,1.0,0.5,0.9625721680270755,0.9594823295171727
218,0.5,0.001,1.0,0.5,0.9749153892096357,0.9733698357391737
219,0.6,0.001,1.0,0.5,0.9753135576348796,0.9733698357391737
220,0.4,0.001,1.0,0.8,0.9625721680270755,0.9594823295171727
221,0.5,0.001,1.0,0.8,0.9749153892096357,0.9733698357391737
222,0.6,0.001,1.0,0.8,0.9753135576348796,0.9733698357391737
223,0.4,0.001,1.0,1.0,0.9625721680270755,0.9594823295171727
224,0.5,0.001,1.0,1.0,0.9749153892096357,0.9733698357391737
225,0.6,0.001,1.0,1.0,0.9753135576348796,0.9733698357391737
226,0.4,0.0001,0.0,0.0,0.7023691021302011,0.689198606271777
227,0.5,0.0001,0.0,0.0,0.9370893888114673,0.9341961174713788
228,0.6,0.0001,0.0,0.0,0.2976308978697989,0.310801393728223
229,0.4,0.0001,0.0,0.2,0.7023691021302011,0.689198606271777
230,0.5,0.0001,0.0,0.2,0.9370893888114673,0.9341961174713788
231,0.6,0.0001,0.0,0.2,0.2976308978697989,0.310801393728223
232,0.4,0.0001,0.0,0.5,0.7023691021302011,0.689198606271777
233,0.5,0.0001,0.0,0.5,0.9374875572367112,0.934245893479343
234,0.6,0.0001,0.0,0.5,0.2976308978697989,0.310801393728223
235,0.4,0.0001,0.0,0.8,0.7023691021302011,0.689198606271777
236,0.5,0.0001,0.0,0.8,0.9374875572367112,0.934245893479343
237,0.6,0.0001,0.0,0.8,0.2976308978697989,0.310801393728223
238,0.4,0.0001,0.0,1.0,0.7023691021302011,0.689198606271777
239,0.5,0.0001,0.0,1.0,0.9374875572367112,0.934245893479343
240,0.6,0.0001,0.0,1.0,0.2976308978697989,0.310801393728223
241,0.4,0.0001,0.2,0.0,0.7023691021302011,0.689198606271777
242,0.5,0.0001,0.2,0.0,0.9374875572367112,0.934245893479343
243,0.6,0.0001,0.2,0.0,0.2976308978697989,0.310801393728223
244,0.4,0.0001,0.2,0.2,0.7023691021302011,0.689198606271777
245,0.5,0.0001,0.2,0.2,0.9374875572367112,0.934245893479343
246,0.6,0.0001,0.2,0.2,0.2976308978697989,0.310801393728223
247,0.4,0.0001,0.2,0.5,0.7023691021302011,0.689198606271777
248,0.5,0.0001,0.2,0.5,0.9374875572367112,0.934245893479343
249,0.6,0.0001,0.2,0.5,0.2976308978697989,0.310801393728223
250,0.4,0.0001,0.2,0.8,0.7023691021302011,0.689198606271777
251,0.5,0.0001,0.2,0.8,0.9374875572367112,0.934245893479343
252,0.6,0.0001,0.2,0.8,0.2976308978697989,0.310801393728223
253,0.4,0.0001,0.2,1.0,0.7023691021302011,0.689198606271777
254,0.5,0.0001,0.2,1.0,0.9374875572367112,0.934245893479343
255,0.6,0.0001,0.2,1.0,0.2976308978697989,0.310801393728223
256,0.4,0.0001,0.5,0.0,0.7023691021302011,0.689198606271777
257,0.5,0.0001,0.5,0.0,0.9374875572367112,0.934245893479343
258,0.6,0.0001,0.5,0.0,0.2976308978697989,0.310801393728223
259,0.4,0.0001,0.5,0.2,0.7023691021302011,0.689198606271777
260,0.5,0.0001,0.5,0.2,0.9374875572367112,0.934245893479343
261,0.6,0.0001,0.5,0.2,0.2976308978697989,0.310801393728223
262,0.4,0.0001,0.5,0.5,0.7023691021302011,0.689198606271777
263,0.5,0.0001,0.5,0.5,0.9374875572367112,0.934245893479343
264,0.6,0.0001,0.5,0.5,0.2976308978697989,0.310801393728223
265,0.4,0.0001,0.5,0.8,0.7023691021302011,0.689198606271777
266,0.5,0.0001,0.5,0.8,0.9374875572367112,0.934245893479343
267,0.6,0.0001,0.5,0.8,0.2976308978697989,0.310801393728223
268,0.4,0.0001,0.5,1.0,0.7023691021302011,0.689198606271777
269,0.5,0.0001,0.5,1.0,0.9374875572367112,0.934245893479343
270,0.6,0.0001,0.5,1.0,0.2976308978697989,0.310801393728223
271,0.4,0.0001,0.8,0.0,0.7023691021302011,0.689198606271777
272,0.5,0.0001,0.8,0.0,0.9374875572367112,0.934245893479343
273,0.6,0.0001,0.8,0.0,0.2976308978697989,0.310801393728223
274,0.4,0.0001,0.8,0.2,0.7023691021302011,0.689198606271777
275,0.5,0.0001,0.8,0.2,0.9374875572367112,0.934245893479343
276,0.6,0.0001,0.8,0.2,0.2976308978697989,0.310801393728223
277,0.4,0.0001,0.8,0.5,0.7023691021302011,0.689198606271777
278,0.5,0.0001,0.8,0.5,0.9374875572367112,0.934245893479343
279,0.6,0.0001,0.8,0.5,0.2976308978697989,0.310801393728223
280,0.4,0.0001,0.8,0.8,0.7023691021302011,0.689198606271777
281,0.5,0.0001,0.8,0.8,0.9374875572367112,0.934245893479343
282,0.6,0.0001,0.8,0.8,0.2976308978697989,0.310801393728223
283,0.4,0.0001,0.8,1.0,0.7023691021302011,0.689198606271777
284,0.5,0.0001,0.8,1.0,0.9374875572367112,0.934245893479343
285,0.6,0.0001,0.8,1.0,0.2976308978697989,0.310801393728223
286,0.4,0.0001,1.0,0.0,0.7023691021302011,0.689198606271777
287,0.5,0.0001,1.0,0.0,0.9374875572367112,0.934245893479343
288,0.6,0.0001,1.0,0.0,0.2976308978697989,0.310801393728223
289,0.4,0.0001,1.0,0.2,0.7023691021302011,0.689198606271777
290,0.5,0.0001,1.0,0.2,0.9374875572367112,0.934245893479343
291,0.6,0.0001,1.0,0.2,0.2976308978697989,0.310801393728223
292,0.4,0.0001,1.0,0.5,0.7023691021302011,0.689198606271777
293,0.5,0.0001,1.0,0.5,0.9374875572367112,0.934245893479343
294,0.6,0.0001,1.0,0.5,0.2976308978697989,0.310801393728223
295,0.4,0.0001,1.0,0.8,0.7023691021302011,0.689198606271777
296,0.5,0.0001,1.0,0.8,0.9374875572367112,0.934245893479343
297,0.6,0.0001,1.0,0.8,0.2976308978697989,0.310801393728223
298,0.4,0.0001,1.0,1.0,0.7023691021302011,0.689198606271777
299,0.5,0.0001,1.0,1.0,0.9374875572367112,0.934245893479343
300,0.6,0.0001,1.0,1.0,0.2976308978697989,0.310801393728223
301,0.4,2.5,0.0,0.0,0.7019709337049572,0.6885017421602787
302,0.5,2.5,0.0,0.0,0.7161059128011149,0.7129915380786461
303,0.6,2.5,0.0,0.0,0.4736213418275931,0.48377302140368345
304,0.4,2.5,0.0,0.2,0.2976308978697989,0.310801393728223
305,0.5,2.5,0.0,0.2,0.7003782600039817,0.6880537580886013
306,0.6,2.5,0.0,0.2,0.3000199084212622,0.3134892981582877
307,0.4,2.5,0.0,0.5,0.2976308978697989,0.310801393728223
308,0.5,2.5,0.0,0.5,0.7023691021302011,0.689198606271777
309,0.6,2.5,0.0,0.5,0.7023691021302011,0.689198606271777
310,0.4,2.5,0.0,0.8,0.35058729842723474,0.35455450472872074
311,0.5,2.5,0.0,0.8,0.7023691021302011,0.69258337481334
312,0.6,2.5,0.0,0.8,0.7023691021302011,0.689198606271777
313,0.4,2.5,0.0,1.0,0.7023691021302011,0.689198606271777
314,0.5,2.5,0.0,1.0,0.7141150706748954,0.7073668491786959
315,0.6,2.5,0.0,1.0,0.31355763487955407,0.326231956197113
316,0.4,2.5,0.2,0.0,0.7033645231933108,0.7007466401194624
317,0.5,2.5,0.2,0.0,0.6916185546486163,0.681483325037332
318,0.6,2.5,0.2,0.0,0.6983874178777623,0.6853658536585366
319,0.4,2.5,0.2,0.2,0.3412303404340036,0.35545047287207565
320,0.5,2.5,0.2,0.2,0.5144336054150905,0.5215530114484819
321,0.6,2.5,0.2,0.2,0.7023691021302011,0.689198606271777
322,0.4,2.5,0.2,0.5,0.6985865020903842,0.6867595818815331
323,0.5,2.5,0.2,0.5,0.6884332072466653,0.6879044300647088
324,0.6,2.5,0.2,0.5,0.7023691021302011,0.689198606271777
325,0.4,2.5,0.2,0.8,0.7005773442166037,0.6891488302638128
326,0.5,2.5,0.2,0.8,0.7069480390205056,0.6967147834743653
327,0.6,2.5,0.2,0.8,0.6967947441767868,0.6853160776505725
328,0.4,2.5,0.2,1.0,0.2976308978697989,0.310801393728223
329,0.5,2.5,0.2,1.0,0.6946048178379455,0.6856147336983573
330,0.6,2.5,0.2,1.0,0.7023691021302011,0.689198606271777
331,0.4,2.5,0.5,0.0,0.7023691021302011,0.689198606271777
332,0.5,2.5,0.5,0.0,0.7165040812263588,0.7117969138875062
333,0.6,2.5,0.5,0.0,0.7023691021302011,0.689198606271777
334,0.4,2.5,0.5,0.2,0.7023691021302011,0.689198606271777
335,0.5,2.5,0.5,0.2,0.2976308978697989,0.310801393728223
336,0.6,2.5,0.5,0.2,0.7011745968544695,0.6881533101045296
337,0.4,2.5,0.5,0.5,0.2980290662950428,0.31085116973618715
338,0.5,2.5,0.5,0.5,0.7023691021302011,0.689198606271777
339,0.6,2.5,0.5,0.5,0.7007764284292256,0.6986560477849676
340,0.4,2.5,0.5,0.8,0.3147521401552857,0.3286709805873569
341,0.5,2.5,0.5,0.8,0.7013736810670914,0.6882528621204579
342,0.6,2.5,0.5,0.8,0.6902249651602628,0.6854156296665007
343,0.4,2.5,0.5,1.0,0.2976308978697989,0.310801393728223
344,0.5,2.5,0.5,1.0,0.6850487756320923,0.676854156296665
345,0.6,2.5,0.5,1.0,0.7023691021302011,0.689198606271777
346,0.4,2.5,0.8,0.0,0.2976308978697989,0.310801393728223
347,0.5,2.5,0.8,0.0,0.682858849293251,0.6725734196117471
348,0.6,2.5,0.8,0.0,0.6967947441767868,0.6853658536585366
349,0.4,2.5,0.8,0.2,0.6557833963766674,0.6532105525136884
350,0.5,2.5,0.8,0.2,0.4399761098944854,0.444449975111996
351,0.6,2.5,0.8,0.2,0.6950029862631893,0.6825783972125435
352,0.4,2.5,0.8,0.5,0.6932112283495919,0.6885515181682429
353,0.5,2.5,0.8,0.5,0.7081425442962374,0.6969636635141861
354,0.6,2.5,0.8,0.5,0.2976308978697989,0.310801393728223
355,0.4,2.5,0.8,0.8,0.7023691021302011,0.689198606271777
356,0.5,2.5,0.8,0.8,0.3053951821620545,0.3183673469387755
357,0.6,2.5,0.8,0.8,0.7081425442962374,0.7019910403185664
358,0.4,2.5,0.8,1.0,0.4093171411507068,0.41458437033349926
359,0.5,2.5,0.8,1.0,0.30400159267370097,0.31637630662020905
360,0.6,2.5,0.8,1.0,0.558630300617161,0.5572921851667496
361,0.4,2.5,1.0,0.0,0.5106510053752737,0.5070184171229467
362,0.5,2.5,1.0,0.0,0.604618753732829,0.6057740169238427
363,0.6,2.5,1.0,0.0,0.5644037427831973,0.5603285216525634
364,0.4,2.5,1.0,0.2,0.2976308978697989,0.310801393728223
365,0.5,2.5,1.0,0.2,0.4736213418275931,0.486112493777999
366,0.6,2.5,1.0,0.2,0.695998407326299,0.6843205574912892
367,0.4,2.5,1.0,0.5,0.5743579534142943,0.5790940766550523
368,0.5,2.5,1.0,0.5,0.7401951025283695,0.7366849178695869
369,0.6,2.5,1.0,0.5,0.5106510053752737,0.5070184171229467
370,0.4,2.5,1.0,0.8,0.7023691021302011,0.689198606271777
371,0.5,2.5,1.0,0.8,0.696197491538921,0.68456943753111
372,0.6,2.5,1.0,0.8,0.5395182162054549,0.544449975111996
373,0.4,2.5,1.0,1.0,0.2976308978697989,0.310801393728223
374,0.5,2.5,1.0,1.0,0.7017718494923353,0.6884519661523146
375,0.6,2.5,1.0,1.0,0.7163049970137368,0.7111000497760079
376,0.4,0.25,0.0,0.0,0.9948238104718296,1.0
377,0.5,0.25,0.0,0.0,0.9944256420465857,1.0
378,0.6,0.25,0.0,0.0,0.9944256420465857,1.0
379,0.4,0.25,0.0,0.2,0.9948238104718296,1.0
380,0.5,0.25,0.0,0.2,0.9944256420465857,1.0
381,0.6,0.25,0.0,0.2,0.9946247262592076,1.0
382,0.4,0.25,0.0,0.5,0.9950228946844515,1.0
383,0.5,0.25,0.0,0.5,0.9946247262592076,1.0
384,0.6,0.25,0.0,0.5,0.9948238104718296,1.0
385,0.4,0.25,0.0,0.8,0.9946247262592076,1.0
386,0.5,0.25,0.0,0.8,0.9944256420465857,1.0
387,0.6,0.25,0.0,0.8,0.9946247262592076,1.0
388,0.4,0.25,0.0,1.0,0.9946247262592076,1.0
389,0.5,0.25,0.0,1.0,0.9944256420465857,1.0
390,0.6,0.25,0.0,1.0,0.9942265578339637,1.0
391,0.4,0.25,0.2,0.0,0.9948238104718296,1.0
392,0.5,0.25,0.2,0.0,0.9946247262592076,1.0
393,0.6,0.25,0.2,0.0,0.9948238104718296,1.0
394,0.4,0.25,0.2,0.2,0.9944256420465857,1.0
395,0.5,0.25,0.2,0.2,0.9944256420465857,1.0
396,0.6,0.25,0.2,0.2,0.9944256420465857,1.0
397,0.4,0.25,0.2,0.5,0.9944256420465857,1.0
398,0.5,0.25,0.2,0.5,0.9946247262592076,1.0
399,0.6,0.25,0.2,0.5,0.9944256420465857,1.0
400,0.4,0.25,0.2,0.8,0.9944256420465857,1.0
401,0.5,0.25,0.2,0.8,0.9946247262592076,1.0
402,0.6,0.25,0.2,0.8,0.9944256420465857,1.0
403,0.4,0.25,0.2,1.0,0.9940274736213418,1.0
404,0.5,0.25,0.2,1.0,0.9946247262592076,1.0
405,0.6,0.25,0.2,1.0,0.9942265578339637,1.0
406,0.4,0.25,0.5,0.0,0.9944256420465857,0.9999004479840716
407,0.5,0.25,0.5,0.0,0.9942265578339637,0.9998506719761076
408,0.6,0.25,0.5,0.0,0.9948238104718296,0.9998506719761076
409,0.4,0.25,0.5,0.2,0.9944256420465857,0.999701343952215
410,0.5,0.25,0.5,0.2,0.9942265578339637,0.9997511199601792
411,0.6,0.25,0.5,0.2,0.9956201473223173,0.9999004479840716
412,0.4,0.25,0.5,0.5,0.9946247262592076,0.9999004479840716
413,0.5,0.25,0.5,0.5,0.9952219788970734,0.999701343952215
414,0.6,0.25,0.5,0.5,0.9954210631096954,0.9997511199601792
415,0.4,0.25,0.5,0.8,0.9950228946844515,0.9999004479840716
416,0.5,0.25,0.5,0.8,0.9946247262592076,0.9998008959681434
417,0.6,0.25,0.5,0.8,0.9946247262592076,0.9999004479840716
418,0.4,0.25,0.5,1.0,0.9950228946844515,0.9999004479840716
419,0.5,0.25,0.5,1.0,0.9948238104718296,0.9998506719761076
420,0.6,0.25,0.5,1.0,0.9942265578339637,0.9997511199601792
421,0.4,0.25,0.8,0.0,0.9954210631096954,0.9995520159283225
422,0.5,0.25,0.8,0.0,0.9944256420465857,0.9994026879044301
423,0.6,0.25,0.8,0.0,0.9950228946844515,0.9994026879044301
424,0.4,0.25,0.8,0.2,0.9950228946844515,0.9996017919362867
425,0.5,0.25,0.8,0.2,0.9952219788970734,0.9995022399203584
426,0.6,0.25,0.8,0.2,0.9956201473223173,0.9994524639123942
427,0.4,0.25,0.8,0.5,0.9948238104718296,0.9993031358885017
428,0.5,0.25,0.8,0.5,0.9950228946844515,0.9994524639123942
429,0.6,0.25,0.8,0.5,0.9948238104718296,0.9994524639123942
430,0.4,0.25,0.8,0.8,0.9952219788970734,0.9994524639123942
431,0.5,0.25,0.8,0.8,0.9954210631096954,0.9995520159283225
432,0.6,0.25,0.8,0.8,0.9950228946844515,0.9994524639123942
433,0.4,0.25,0.8,1.0,0.9944256420465857,0.9993529118964659
434,0.5,0.25,0.8,1.0,0.9950228946844515,0.9994524639123942
435,0.6,0.25,0.8,1.0,0.9952219788970734,0.9994026879044301
436,0.4,0.25,1.0,0.0,0.9948238104718296,0.9992035838725735
437,0.5,0.25,1.0,0.0,0.9956201473223173,0.9992035838725735
438,0.6,0.25,1.0,0.0,0.9950228946844515,0.9993031358885017
439,0.4,0.25,1.0,0.2,0.9952219788970734,0.9990542558486809
440,0.5,0.25,1.0,0.2,0.9952219788970734,0.9992533598805375
441,0.6,0.25,1.0,0.2,0.9956201473223173,0.9993031358885017
442,0.4,0.25,1.0,0.5,0.9954210631096954,0.9991538078646093
443,0.5,0.25,1.0,0.5,0.9960183157475612,0.9992533598805375
444,0.6,0.25,1.0,0.5,0.9950228946844515,0.9992533598805375
445,0.4,0.25,1.0,0.8,0.9948238104718296,0.9990542558486809
446,0.5,0.25,1.0,0.8,0.9952219788970734,0.9993031358885017
447,0.6,0.25,1.0,0.8,0.9950228946844515,0.9991040318566451
448,0.4,0.25,1.0,1.0,0.9946247262592076,0.9990044798407167
449,0.5,0.25,1.0,1.0,0.9958192315349392,0.9991040318566451
450,0.6,0.25,1.0,1.0,0.9952219788970734,0.9991040318566451
451,0.4,0.025,0.0,0.0,0.9952219788970734,0.9998008959681434
452,0.5,0.025,0.0,0.0,0.9952219788970734,0.999701343952215
453,0.6,0.025,0.0,0.0,0.9950228946844515,0.9998008959681434
454,0.4,0.025,0.0,0.2,0.9954210631096954,0.9997511199601792
455,0.5,0.025,0.0,0.2,0.9956201473223173,0.9998008959681434
456,0.6,0.025,0.0,0.2,0.9954210631096954,0.9997511199601792
457,0.4,0.025,0.0,0.5,0.9958192315349392,0.9995022399203584
458,0.5,0.025,0.0,0.5,0.9954210631096954,0.999701343952215
459,0.6,0.025,0.0,0.5,0.9956201473223173,0.9996515679442509
460,0.4,0.025,0.0,0.8,0.9950228946844515,0.9996017919362867
461,0.5,0.025,0.0,0.8,0.9954210631096954,0.999701343952215
462,0.6,0.025,0.0,0.8,0.9950228946844515,0.9996515679442509
463,0.4,0.025,0.0,1.0,0.9956201473223173,0.9995520159283225
464,0.5,0.025,0.0,1.0,0.9960183157475612,0.9996017919362867
465,0.6,0.025,0.0,1.0,0.9952219788970734,0.9995022399203584
466,0.4,0.025,0.2,0.0,0.9954210631096954,0.9997511199601792
467,0.5,0.025,0.2,0.0,0.9948238104718296,0.9998506719761076
468,0.6,0.025,0.2,0.0,0.9948238104718296,0.999701343952215
469,0.4,0.025,0.2,0.2,0.9954210631096954,0.9997511199601792
470,0.5,0.025,0.2,0.2,0.9956201473223173,0.9996515679442509
471,0.6,0.025,0.2,0.2,0.9952219788970734,0.9996017919362867
472,0.4,0.025,0.2,0.5,0.9956201473223173,0.9995520159283225
473,0.5,0.025,0.2,0.5,0.9954210631096954,0.9995520159283225
474,0.6,0.025,0.2,0.5,0.9950228946844515,0.999701343952215
475,0.4,0.025,0.2,0.8,0.9956201473223173,0.9996017919362867
476,0.5,0.025,0.2,0.8,0.9956201473223173,0.9995520159283225
477,0.6,0.025,0.2,0.8,0.9958192315349392,0.9996017919362867
478,0.4,0.025,0.2,1.0,0.9952219788970734,0.9994524639123942
479,0.5,0.025,0.2,1.0,0.9954210631096954,0.9996515679442509
480,0.6,0.025,0.2,1.0,0.9956201473223173,0.9996017919362867
481,0.4,0.025,0.5,0.0,0.9952219788970734,0.9995520159283225
482,0.5,0.025,0.5,0.0,0.9956201473223173,0.9995520159283225
483,0.6,0.025,0.5,0.0,0.9954210631096954,0.9997511199601792
484,0.4,0.025,0.5,0.2,0.9954210631096954,0.9996017919362867
485,0.5,0.025,0.5,0.2,0.9956201473223173,0.9996515679442509
486,0.6,0.025,0.5,0.2,0.9960183157475612,0.9996515679442509
487,0.4,0.025,0.5,0.5,0.9958192315349392,0.9994524639123942
488,0.5,0.025,0.5,0.5,0.9956201473223173,0.9995022399203584
489,0.6,0.025,0.5,0.5,0.9958192315349392,0.9995022399203584
490,0.4,0.025,0.5,0.8,0.9954210631096954,0.9995520159283225
491,0.5,0.025,0.5,0.8,0.9958192315349392,0.9994524639123942
492,0.6,0.025,0.5,0.8,0.9956201473223173,0.9995022399203584
493,0.4,0.025,0.5,1.0,0.9956201473223173,0.9994026879044301
494,0.5,0.025,0.5,1.0,0.9956201473223173,0.9994026879044301
495,0.6,0.025,0.5,1.0,0.9960183157475612,0.9993529118964659
496,0.4,0.025,0.8,0.0,0.9954210631096954,0.9994026879044301
497,0.5,0.025,0.8,0.0,0.9956201473223173,0.9993529118964659
498,0.6,0.025,0.8,0.0,0.9960183157475612,0.9994026879044301
499,0.4,0.025,0.8,0.2,0.9956201473223173,0.9993529118964659
500,0.5,0.025,0.8,0.2,0.9952219788970734,0.9992533598805375
501,0.6,0.025,0.8,0.2,0.9956201473223173,0.9994026879044301
502,0.4,0.025,0.8,0.5,0.9954210631096954,0.9993031358885017
503,0.5,0.025,0.8,0.5,0.9954210631096954,0.9992533598805375
504,0.6,0.025,0.8,0.5,0.9956201473223173,0.9992533598805375
505,0.4,0.025,0.8,0.8,0.9954210631096954,0.9992035838725735
506,0.5,0.025,0.8,0.8,0.9954210631096954,0.9991538078646093
507,0.6,0.025,0.8,0.8,0.9954210631096954,0.9991538078646093
508,0.4,0.025,0.8,1.0,0.9958192315349392,0.9992533598805375
509,0.5,0.025,0.8,1.0,0.9950228946844515,0.9992035838725735
510,0.6,0.025,0.8,1.0,0.9956201473223173,0.9993031358885017
511,0.4,0.025,1.0,0.0,0.9960183157475612,0.9991538078646093
512,0.5,0.025,1.0,0.0,0.9956201473223173,0.9992533598805375
513,0.6,0.025,1.0,0.0,0.9956201473223173,0.9992533598805375
514,0.4,0.025,1.0,0.2,0.9954210631096954,0.9992035838725735
515,0.5,0.025,1.0,0.2,0.9956201473223173,0.9992533598805375
516,0.6,0.025,1.0,0.2,0.9956201473223173,0.9992533598805375
517,0.4,0.025,1.0,0.5,0.9958192315349392,0.9992035838725735
518,0.5,0.025,1.0,0.5,0.9960183157475612,0.9991538078646093
519,0.6,0.025,1.0,0.5,0.9950228946844515,0.9991040318566451
520,0.4,0.025,1.0,0.8,0.9964164841728052,0.9991040318566451
521,0.5,0.025,1.0,0.8,0.9962173999601831,0.9991040318566451
522,0.6,0.025,1.0,0.8,0.9962173999601831,0.9992035838725735
523,0.4,0.025,1.0,1.0,0.9960183157475612,0.9991040318566451
524,0.5,0.025,1.0,1.0,0.9960183157475612,0.9990542558486809
525,0.6,0.025,1.0,1.0,0.9966155683854271,0.9990044798407167
526,0.4,0.0025,0.0,0.0,0.9790961576746964,0.9786460925833748
527,0.5,0.0025,0.0,0.0,0.9792952418873183,0.9786460925833748
528,0.6,0.0025,0.0,0.0,0.9792952418873183,0.9786460925833748
529,0.4,0.0025,0.0,0.2,0.9786979892494525,0.9785963165754107
530,0.5,0.0025,0.0,0.2,0.9792952418873183,0.9786460925833748
531,0.6,0.0025,0.0,0.2,0.9792952418873183,0.9786460925833748
532,0.4,0.0025,0.0,0.5,0.9786979892494525,0.9785963165754107
533,0.5,0.0025,0.0,0.5,0.9792952418873183,0.9786460925833748
534,0.6,0.0025,0.0,0.5,0.9792952418873183,0.9786460925833748
535,0.4,0.0025,0.0,0.8,0.9786979892494525,0.9785963165754107
536,0.5,0.0025,0.0,0.8,0.9792952418873183,0.9786460925833748
537,0.6,0.0025,0.0,0.8,0.9792952418873183,0.9786460925833748
538,0.4,0.0025,0.0,1.0,0.9786979892494525,0.9785963165754107
539,0.5,0.0025,0.0,1.0,0.9792952418873183,0.9786460925833748
540,0.6,0.0025,0.0,1.0,0.9792952418873183,0.9786460925833748
541,0.4,0.0025,0.2,0.0,0.9786979892494525,0.9785963165754107
542,0.5,0.0025,0.2,0.0,0.9792952418873183,0.9786460925833748
543,0.6,0.0025,0.2,0.0,0.9792952418873183,0.9786460925833748
544,0.4,0.0025,0.2,0.2,0.9790961576746964,0.9786460925833748
545,0.5,0.0025,0.2,0.2,0.9792952418873183,0.9786460925833748
546,0.6,0.0025,0.2,0.2,0.9792952418873183,0.9786460925833748
547,0.4,0.0025,0.2,0.5,0.9786979892494525,0.9785963165754107
548,0.5,0.0025,0.2,0.5,0.9792952418873183,0.9786460925833748
549,0.6,0.0025,0.2,0.5,0.9792952418873183,0.9786460925833748
550,0.4,0.0025,0.2,0.8,0.9786979892494525,0.9785963165754107
551,0.5,0.0025,0.2,0.8,0.9792952418873183,0.9786460925833748
552,0.6,0.0025,0.2,0.8,0.9792952418873183,0.9786460925833748
553,0.4,0.0025,0.2,1.0,0.9786979892494525,0.9785963165754107
554,0.5,0.0025,0.2,1.0,0.9792952418873183,0.9786460925833748
555,0.6,0.0025,0.2,1.0,0.9792952418873183,0.9786460925833748
556,0.4,0.0025,0.5,0.0,0.9786979892494525,0.9785963165754107
557,0.5,0.0025,0.5,0.0,0.9792952418873183,0.9786460925833748
558,0.6,0.0025,0.5,0.0,0.9792952418873183,0.9786460925833748
559,0.4,0.0025,0.5,0.2,0.9786979892494525,0.9785963165754107
560,0.5,0.0025,0.5,0.2,0.9792952418873183,0.9786460925833748
561,0.6,0.0025,0.5,0.2,0.9792952418873183,0.9786460925833748
562,0.4,0.0025,0.5,0.5,0.9786979892494525,0.9785963165754107
563,0.5,0.0025,0.5,0.5,0.9792952418873183,0.9786460925833748
564,0.6,0.0025,0.5,0.5,0.9792952418873183,0.9786460925833748
565,0.4,0.0025,0.5,0.8,0.9786979892494525,0.9785963165754107
566,0.5,0.0025,0.5,0.8,0.9792952418873183,0.9786460925833748
567,0.6,0.0025,0.5,0.8,0.9792952418873183,0.9786460925833748
568,0.4,0.0025,0.5,1.0,0.9786979892494525,0.9785963165754107
569,0.5,0.0025,0.5,1.0,0.9792952418873183,0.9786460925833748
570,0.6,0.0025,0.5,1.0,0.9792952418873183,0.9786460925833748
571,0.4,0.0025,0.8,0.0,0.9786979892494525,0.9785963165754107
572,0.5,0.0025,0.8,0.0,0.9792952418873183,0.9786460925833748
573,0.6,0.0025,0.8,0.0,0.9792952418873183,0.9786460925833748
574,0.4,0.0025,0.8,0.2,0.9786979892494525,0.9785963165754107
575,0.5,0.0025,0.8,0.2,0.9792952418873183,0.9786460925833748
576,0.6,0.0025,0.8,0.2,0.9792952418873183,0.9786460925833748
577,0.4,0.0025,0.8,0.5,0.9786979892494525,0.9785963165754107
578,0.5,0.0025,0.8,0.5,0.9792952418873183,0.9786460925833748
579,0.6,0.0025,0.8,0.5,0.9792952418873183,0.9786460925833748
580,0.4,0.0025,0.8,0.8,0.9786979892494525,0.9785963165754107
581,0.5,0.0025,0.8,0.8,0.9792952418873183,0.9786460925833748
582,0.6,0.0025,0.8,0.8,0.9792952418873183,0.9786460925833748
583,0.4,0.0025,0.8,1.0,0.9786979892494525,0.9785963165754107
584,0.5,0.0025,0.8,1.0,0.9792952418873183,0.9786460925833748
585,0.6,0.0025,0.8,1.0,0.9792952418873183,0.9786460925833748
586,0.4,0.0025,1.0,0.0,0.9786979892494525,0.9785963165754107
587,0.5,0.0025,1.0,0.0,0.9792952418873183,0.9786460925833748
588,0.6,0.0025,1.0,0.0,0.9792952418873183,0.9786460925833748
589,0.4,0.0025,1.0,0.2,0.9786979892494525,0.9785963165754107
590,0.5,0.0025,1.0,0.2,0.9792952418873183,0.9786460925833748
591,0.6,0.0025,1.0,0.2,0.9792952418873183,0.9786460925833748
592,0.4,0.0025,1.0,0.5,0.9786979892494525,0.9785963165754107
593,0.5,0.0025,1.0,0.5,0.9792952418873183,0.9786460925833748
594,0.6,0.0025,1.0,0.5,0.9792952418873183,0.9786460925833748
595,0.4,0.0025,1.0,0.8,0.9786979892494525,0.9785963165754107
596,0.5,0.0025,1.0,0.8,0.9792952418873183,0.9786460925833748
597,0.6,0.0025,1.0,0.8,0.9792952418873183,0.9786460925833748
598,0.4,0.0025,1.0,1.0,0.9786979892494525,0.9785963165754107
599,0.5,0.0025,1.0,1.0,0.9792952418873183,0.9786460925833748
600,0.6,0.0025,1.0,1.0,0.9792952418873183,0.9786460925833748
601,0.4,0.5,0.0,0.0,0.9946247262592076,1.0
602,0.5,0.5,0.0,0.0,0.9948238104718296,1.0
603,0.6,0.5,0.0,0.0,0.9946247262592076,1.0
604,0.4,0.5,0.0,0.2,0.9946247262592076,1.0
605,0.5,0.5,0.0,0.2,0.9944256420465857,1.0
606,0.6,0.5,0.0,0.2,0.9944256420465857,1.0
607,0.4,0.5,0.0,0.5,0.9948238104718296,1.0
608,0.5,0.5,0.0,0.5,0.9944256420465857,1.0
609,0.6,0.5,0.0,0.5,0.9942265578339637,1.0
610,0.4,0.5,0.0,0.8,0.9942265578339637,1.0
611,0.5,0.5,0.0,0.8,0.9948238104718296,1.0
612,0.6,0.5,0.0,0.8,0.9944256420465857,1.0
613,0.4,0.5,0.0,1.0,0.9940274736213418,1.0
614,0.5,0.5,0.0,1.0,0.9948238104718296,1.0
615,0.6,0.5,0.0,1.0,0.9942265578339637,1.0
616,0.4,0.5,0.2,0.0,0.9942265578339637,1.0
617,0.5,0.5,0.2,0.0,0.9940274736213418,1.0
618,0.6,0.5,0.2,0.0,0.9940274736213418,1.0
619,0.4,0.5,0.2,0.2,0.9944256420465857,1.0
620,0.5,0.5,0.2,0.2,0.9944256420465857,1.0
621,0.6,0.5,0.2,0.2,0.9942265578339637,1.0
622,0.4,0.5,0.2,0.5,0.9942265578339637,1.0
623,0.5,0.5,0.2,0.5,0.9944256420465857,1.0
624,0.6,0.5,0.2,0.5,0.9942265578339637,1.0
625,0.4,0.5,0.2,0.8,0.9946247262592076,1.0
626,0.5,0.5,0.2,0.8,0.9942265578339637,1.0
627,0.6,0.5,0.2,0.8,0.9938283894087199,1.0
628,0.4,0.5,0.2,1.0,0.9940274736213418,1.0
629,0.5,0.5,0.2,1.0,0.9942265578339637,1.0
630,0.6,0.5,0.2,1.0,0.9946247262592076,1.0
631,0.4,0.5,0.5,0.0,0.9950228946844515,0.9999502239920358
632,0.5,0.5,0.5,0.0,0.9946247262592076,0.9999502239920358
633,0.6,0.5,0.5,0.0,0.9946247262592076,0.9999502239920358
634,0.4,0.5,0.5,0.2,0.9948238104718296,0.9999502239920358
635,0.5,0.5,0.5,0.2,0.9948238104718296,0.9998506719761076
636,0.6,0.5,0.5,0.2,0.9946247262592076,0.9999502239920358
637,0.4,0.5,0.5,0.5,0.9952219788970734,0.9999004479840716
638,0.5,0.5,0.5,0.5,0.9950228946844515,0.9999004479840716
639,0.6,0.5,0.5,0.5,0.9946247262592076,0.9999502239920358
640,0.4,0.5,0.5,0.8,0.9946247262592076,0.9998506719761076
641,0.5,0.5,0.5,0.8,0.9954210631096954,0.9998008959681434
642,0.6,0.5,0.5,0.8,0.9952219788970734,0.9997511199601792
643,0.4,0.5,0.5,1.0,0.9948238104718296,0.9997511199601792
644,0.5,0.5,0.5,1.0,0.9944256420465857,0.9996515679442509
645,0.6,0.5,0.5,1.0,0.9948238104718296,0.9998008959681434
646,0.4,0.5,0.8,0.0,0.9954210631096954,0.9996515679442509
647,0.5,0.5,0.8,0.0,0.9948238104718296,0.9994524639123942
648,0.6,0.5,0.8,0.0,0.9952219788970734,0.9996515679442509
649,0.4,0.5,0.8,0.2,0.9954210631096954,0.9994524639123942
650,0.5,0.5,0.8,0.2,0.9950228946844515,0.9994026879044301
651,0.6,0.5,0.8,0.2,0.9952219788970734,0.9993031358885017
652,0.4,0.5,0.8,0.5,0.9954210631096954,0.9994026879044301
653,0.5,0.5,0.8,0.5,0.9950228946844515,0.9993529118964659
654,0.6,0.5,0.8,0.5,0.9948238104718296,0.9992035838725735
655,0.4,0.5,0.8,0.8,0.9952219788970734,0.9995022399203584
656,0.5,0.5,0.8,0.8,0.9944256420465857,0.9996515679442509
657,0.6,0.5,0.8,0.8,0.9946247262592076,0.9996017919362867
658,0.4,0.5,0.8,1.0,0.9956201473223173,0.9994026879044301
659,0.5,0.5,0.8,1.0,0.9946247262592076,0.9994026879044301
660,0.6,0.5,0.8,1.0,0.9944256420465857,0.9995520159283225
661,0.4,0.5,1.0,0.0,0.9950228946844515,0.9991538078646093
662,0.5,0.5,1.0,0.0,0.9960183157475612,0.9992035838725735
663,0.6,0.5,1.0,0.0,0.9958192315349392,0.9994026879044301
664,0.4,0.5,1.0,0.2,0.9958192315349392,0.9992035838725735
665,0.5,0.5,1.0,0.2,0.9956201473223173,0.9992533598805375
666,0.6,0.5,1.0,0.2,0.9952219788970734,0.9991040318566451
667,0.4,0.5,1.0,0.5,0.9958192315349392,0.9992035838725735
668,0.5,0.5,1.0,0.5,0.9956201473223173,0.9993031358885017
669,0.6,0.5,1.0,0.5,0.9942265578339637,0.9991040318566451
670,0.4,0.5,1.0,0.8,0.9962173999601831,0.9991040318566451
671,0.5,0.5,1.0,0.8,0.9950228946844515,0.9992035838725735
672,0.6,0.5,1.0,0.8,0.9946247262592076,0.9993529118964659
673,0.4,0.5,1.0,1.0,0.9956201473223173,0.9992035838725735
674,0.5,0.5,1.0,1.0,0.9956201473223173,0.9992035838725735
675,0.6,0.5,1.0,1.0,0.9946247262592076,0.9992035838725735
676,0.4,0.05,0.0,0.0,0.9950228946844515,1.0
677,0.5,0.05,0.0,0.0,0.9948238104718296,0.9999502239920358
678,0.6,0.05,0.0,0.0,0.9950228946844515,0.9999502239920358
679,0.4,0.05,0.0,0.2,0.9950228946844515,0.9999502239920358
680,0.5,0.05,0.0,0.2,0.9950228946844515,0.9999502239920358
681,0.6,0.05,0.0,0.2,0.9950228946844515,0.9999502239920358
682,0.4,0.05,0.0,0.5,0.9948238104718296,0.9999502239920358
683,0.5,0.05,0.0,0.5,0.9948238104718296,0.9999502239920358
684,0.6,0.05,0.0,0.5,0.9946247262592076,0.9999004479840716
685,0.4,0.05,0.0,0.8,0.9950228946844515,0.9999004479840716
686,0.5,0.05,0.0,0.8,0.9948238104718296,0.9999004479840716
687,0.6,0.05,0.0,0.8,0.9948238104718296,0.9999502239920358
688,0.4,0.05,0.0,1.0,0.9952219788970734,0.9999004479840716
689,0.5,0.05,0.0,1.0,0.9950228946844515,0.9998506719761076
690,0.6,0.05,0.0,1.0,0.9948238104718296,0.9999004479840716
691,0.4,0.05,0.2,0.0,0.9944256420465857,1.0
692,0.5,0.05,0.2,0.0,0.9948238104718296,1.0
693,0.6,0.05,0.2,0.0,0.9946247262592076,1.0
694,0.4,0.05,0.2,0.2,0.9950228946844515,1.0
695,0.5,0.05,0.2,0.2,0.9948238104718296,1.0
696,0.6,0.05,0.2,0.2,0.9950228946844515,1.0
697,0.4,0.05,0.2,0.5,0.9952219788970734,0.9999502239920358
698,0.5,0.05,0.2,0.5,0.9950228946844515,0.9999502239920358
699,0.6,0.05,0.2,0.5,0.9952219788970734,0.9999502239920358
700,0.4,0.05,0.2,0.8,0.9946247262592076,0.9999502239920358
701,0.5,0.05,0.2,0.8,0.9944256420465857,0.9999004479840716
702,0.6,0.05,0.2,0.8,0.9946247262592076,0.9998506719761076
703,0.4,0.05,0.2,1.0,0.9948238104718296,0.9999004479840716
704,0.5,0.05,0.2,1.0,0.9952219788970734,0.9999502239920358
705,0.6,0.05,0.2,1.0,0.9950228946844515,0.9999502239920358
706,0.4,0.05,0.5,0.0,0.9952219788970734,0.9999502239920358
707,0.5,0.05,0.5,0.0,0.9950228946844515,0.9999502239920358
708,0.6,0.05,0.5,0.0,0.9952219788970734,0.9998506719761076
709,0.4,0.05,0.5,0.2,0.9954210631096954,0.9999502239920358
710,0.5,0.05,0.5,0.2,0.9948238104718296,0.9999004479840716
711,0.6,0.05,0.5,0.2,0.9954210631096954,0.9998506719761076
712,0.4,0.05,0.5,0.5,0.9952219788970734,0.9998506719761076
713,0.5,0.05,0.5,0.5,0.9948238104718296,0.9998506719761076
714,0.6,0.05,0.5,0.5,0.9954210631096954,0.9999004479840716
715,0.4,0.05,0.5,0.8,0.9954210631096954,0.9998008959681434
716,0.5,0.05,0.5,0.8,0.9952219788970734,0.9998008959681434
717,0.6,0.05,0.5,0.8,0.9952219788970734,0.9999004479840716
718,0.4,0.05,0.5,1.0,0.9954210631096954,0.9999004479840716
719,0.5,0.05,0.5,1.0,0.9944256420465857,0.9997511199601792
720,0.6,0.05,0.5,1.0,0.9954210631096954,0.9999004479840716
721,0.4,0.05,0.8,0.0,0.9950228946844515,0.9994524639123942
722,0.5,0.05,0.8,0.0,0.9950228946844515,0.9994524639123942
723,0.6,0.05,0.8,0.0,0.9954210631096954,0.9994026879044301
724,0.4,0.05,0.8,0.2,0.9958192315349392,0.9995022399203584
725,0.5,0.05,0.8,0.2,0.9956201473223173,0.9994524639123942
726,0.6,0.05,0.8,0.2,0.9950228946844515,0.9996017919362867
727,0.4,0.05,0.8,0.5,0.9956201473223173,0.9995520159283225
728,0.5,0.05,0.8,0.5,0.9960183157475612,0.9995022399203584
729,0.6,0.05,0.8,0.5,0.9952219788970734,0.9996515679442509
730,0.4,0.05,0.8,0.8,0.9952219788970734,0.9994524639123942
731,0.5,0.05,0.8,0.8,0.9954210631096954,0.9995022399203584
732,0.6,0.05,0.8,0.8,0.9954210631096954,0.9995520159283225
733,0.4,0.05,0.8,1.0,0.9954210631096954,0.9994524639123942
734,0.5,0.05,0.8,1.0,0.9950228946844515,0.9994524639123942
735,0.6,0.05,0.8,1.0,0.9952219788970734,0.9995520159283225
736,0.4,0.05,1.0,0.0,0.9952219788970734,0.9993031358885017
737,0.5,0.05,1.0,0.0,0.9960183157475612,0.9992533598805375
738,0.6,0.05,1.0,0.0,0.9956201473223173,0.9992035838725735
739,0.4,0.05,1.0,0.2,0.9956201473223173,0.9992035838725735
740,0.5,0.05,1.0,0.2,0.9958192315349392,0.9993031358885017
741,0.6,0.05,1.0,0.2,0.9954210631096954,0.9993529118964659
742,0.4,0.05,1.0,0.5,0.9956201473223173,0.9992533598805375
743,0.5,0.05,1.0,0.5,0.9962173999601831,0.9992533598805375
744,0.6,0.05,1.0,0.5,0.9960183157475612,0.9993031358885017
745,0.4,0.05,1.0,0.8,0.9954210631096954,0.9992035838725735
746,0.5,0.05,1.0,0.8,0.9952219788970734,0.9992533598805375
747,0.6,0.05,1.0,0.8,0.9956201473223173,0.9992533598805375
748,0.4,0.05,1.0,1.0,0.9960183157475612,0.9992533598805375
749,0.5,0.05,1.0,1.0,0.9948238104718296,0.9992035838725735
750,0.6,0.05,1.0,1.0,0.9962173999601831,0.9993031358885017
751,0.4,0.005,0.0,0.0,0.9878558630300617,0.9885017421602788
752,0.5,0.005,0.0,0.0,0.9846705156281107,0.9859133897461424
753,0.6,0.005,0.0,0.0,0.9846705156281107,0.9859133897461424
754,0.4,0.005,0.0,0.2,0.9878558630300617,0.9885017421602788
755,0.5,0.005,0.0,0.2,0.9846705156281107,0.9859133897461424
756,0.6,0.005,0.0,0.2,0.9846705156281107,0.9859133897461424
757,0.4,0.005,0.0,0.5,0.9848695998407326,0.9859133897461424
758,0.5,0.005,0.0,0.5,0.9846705156281107,0.9858636137381782
759,0.6,0.005,0.0,0.5,0.9846705156281107,0.9859133897461424
760,0.4,0.005,0.0,0.8,0.9848695998407326,0.9859133897461424
761,0.5,0.005,0.0,0.8,0.9846705156281107,0.9859133897461424
762,0.6,0.005,0.0,0.8,0.9846705156281107,0.9859133897461424
763,0.4,0.005,0.0,1.0,0.9848695998407326,0.9859133897461424
764,0.5,0.005,0.0,1.0,0.9846705156281107,0.9859133897461424
765,0.6,0.005,0.0,1.0,0.9846705156281107,0.9859133897461424
766,0.4,0.005,0.2,0.0,0.9878558630300617,0.9885017421602788
767,0.5,0.005,0.2,0.0,0.9846705156281107,0.9859133897461424
768,0.6,0.005,0.2,0.0,0.9846705156281107,0.9859133897461424
769,0.4,0.005,0.2,0.2,0.9848695998407326,0.9859133897461424
770,0.5,0.005,0.2,0.2,0.9846705156281107,0.9859133897461424
771,0.6,0.005,0.2,0.2,0.9846705156281107,0.9859133897461424
772,0.4,0.005,0.2,0.5,0.9880549472426836,0.988601294176207
773,0.5,0.005,0.2,0.5,0.9846705156281107,0.9859133897461424
774,0.6,0.005,0.2,0.5,0.9846705156281107,0.9859133897461424
775,0.4,0.005,0.2,0.8,0.9848695998407326,0.9859133897461424
776,0.5,0.005,0.2,0.8,0.9846705156281107,0.9859133897461424
777,0.6,0.005,0.2,0.8,0.9846705156281107,0.9859133897461424
778,0.4,0.005,0.2,1.0,0.9848695998407326,0.9859133897461424
779,0.5,0.005,0.2,1.0,0.9846705156281107,0.9859133897461424
780,0.6,0.005,0.2,1.0,0.9846705156281107,0.9859133897461424
781,0.4,0.005,0.5,0.0,0.9848695998407326,0.9859133897461424
782,0.5,0.005,0.5,0.0,0.9846705156281107,0.9858636137381782
783,0.6,0.005,0.5,0.0,0.9846705156281107,0.9859133897461424
784,0.4,0.005,0.5,0.2,0.9848695998407326,0.9859133897461424
785,0.5,0.005,0.5,0.2,0.9846705156281107,0.9858636137381782
786,0.6,0.005,0.5,0.2,0.9846705156281107,0.9859133897461424
787,0.4,0.005,0.5,0.5,0.9848695998407326,0.9859133897461424
788,0.5,0.005,0.5,0.5,0.9846705156281107,0.9859133897461424
789,0.6,0.005,0.5,0.5,0.9846705156281107,0.9859133897461424
790,0.4,0.005,0.5,0.8,0.9846705156281107,0.9859133897461424
791,0.5,0.005,0.5,0.8,0.9846705156281107,0.9859133897461424
792,0.6,0.005,0.5,0.8,0.9846705156281107,0.9859133897461424
793,0.4,0.005,0.5,1.0,0.9846705156281107,0.9859133897461424
794,0.5,0.005,0.5,1.0,0.9848695998407326,0.9859133897461424
795,0.6,0.005,0.5,1.0,0.9846705156281107,0.9859133897461424
796,0.4,0.005,0.8,0.0,0.9846705156281107,0.9859133897461424
797,0.5,0.005,0.8,0.0,0.9846705156281107,0.9859133897461424
798,0.6,0.005,0.8,0.0,0.9846705156281107,0.9859133897461424
799,0.4,0.005,0.8,0.2,0.9846705156281107,0.9859133897461424
800,0.5,0.005,0.8,0.2,0.9846705156281107,0.9859133897461424
801,0.6,0.005,0.8,0.2,0.9846705156281107,0.9859133897461424
802,0.4,0.005,0.8,0.5,0.9846705156281107,0.9859133897461424
803,0.5,0.005,0.8,0.5,0.9846705156281107,0.9859133897461424
804,0.6,0.005,0.8,0.5,0.9844714314154888,0.9858636137381782
805,0.4,0.005,0.8,0.8,0.9846705156281107,0.9859133897461424
806,0.5,0.005,0.8,0.8,0.9848695998407326,0.9859133897461424
807,0.6,0.005,0.8,0.8,0.9846705156281107,0.9859133897461424
808,0.4,0.005,0.8,1.0,0.9846705156281107,0.9859133897461424
809,0.5,0.005,0.8,1.0,0.9848695998407326,0.9859133897461424
810,0.6,0.005,0.8,1.0,0.9846705156281107,0.9859133897461424
811,0.4,0.005,1.0,0.0,0.9846705156281107,0.9859133897461424
812,0.5,0.005,1.0,0.0,0.9846705156281107,0.9859133897461424
813,0.6,0.005,1.0,0.0,0.9846705156281107,0.9859133897461424
814,0.4,0.005,1.0,0.2,0.9846705156281107,0.9859133897461424
815,0.5,0.005,1.0,0.2,0.9846705156281107,0.9859133897461424
816,0.6,0.005,1.0,0.2,0.9846705156281107,0.9859133897461424
817,0.4,0.005,1.0,0.5,0.9846705156281107,0.9859133897461424
818,0.5,0.005,1.0,0.5,0.9846705156281107,0.9859133897461424
819,0.6,0.005,1.0,0.5,0.9844714314154888,0.9858636137381782
820,0.4,0.005,1.0,0.8,0.9846705156281107,0.9859133897461424
821,0.5,0.005,1.0,0.8,0.9848695998407326,0.9859133897461424
822,0.6,0.005,1.0,0.8,0.9844714314154888,0.9858636137381782
823,0.4,0.005,1.0,1.0,0.9846705156281107,0.9859133897461424
824,0.5,0.005,1.0,1.0,0.9848695998407326,0.9859133897461424
825,0.6,0.005,1.0,1.0,0.9846705156281107,0.9859133897461424
