model_id,base_score,lr,reg_alpha,reg_lambda,test_accuracy
1,0.4,0.1,0.0,0.0,0.9948238104718296
2,0.5,0.1,0.0,0.0,0.9950228946844515
3,0.6,0.1,0.0,0.0,0.9946247262592076
4,0.4,0.1,0.0,0.2,0.9948238104718296
5,0.5,0.1,0.0,0.2,0.9942265578339637
6,0.6,0.1,0.0,0.2,0.9946247262592076
7,0.4,0.1,0.0,0.5,0.9948238104718296
8,0.5,0.1,0.0,0.5,0.9948238104718296
9,0.6,0.1,0.0,0.5,0.9944256420465857
10,0.4,0.1,0.0,0.8,0.9946247262592076
11,0.5,0.1,0.0,0.8,0.9944256420465857
12,0.6,0.1,0.0,0.8,0.9946247262592076
13,0.4,0.1,0.0,1.0,0.9942265578339637
14,0.5,0.1,0.0,1.0,0.9944256420465857
15,0.6,0.1,0.0,1.0,0.9944256420465857
16,0.4,0.1,0.2,0.0,0.9944256420465857
17,0.5,0.1,0.2,0.0,0.9942265578339637
18,0.6,0.1,0.2,0.0,0.9942265578339637
19,0.4,0.1,0.2,0.2,0.9946247262592076
20,0.5,0.1,0.2,0.2,0.9948238104718296
21,0.6,0.1,0.2,0.2,0.9944256420465857
22,0.4,0.1,0.2,0.5,0.9944256420465857
23,0.5,0.1,0.2,0.5,0.9946247262592076
24,0.6,0.1,0.2,0.5,0.9946247262592076
25,0.4,0.1,0.2,0.8,0.9948238104718296
26,0.5,0.1,0.2,0.8,0.9944256420465857
27,0.6,0.1,0.2,0.8,0.9942265578339637
28,0.4,0.1,0.2,1.0,0.9944256420465857
29,0.5,0.1,0.2,1.0,0.9946247262592076
30,0.6,0.1,0.2,1.0,0.9946247262592076
31,0.4,0.1,0.5,0.0,0.9948238104718296
32,0.5,0.1,0.5,0.0,0.9946247262592076
33,0.6,0.1,0.5,0.0,0.9952219788970734
34,0.4,0.1,0.5,0.2,0.9952219788970734
35,0.5,0.1,0.5,0.2,0.9948238104718296
36,0.6,0.1,0.5,0.2,0.9952219788970734
37,0.4,0.1,0.5,0.5,0.9954210631096954
38,0.5,0.1,0.5,0.5,0.9954210631096954
39,0.6,0.1,0.5,0.5,0.9950228946844515
40,0.4,0.1,0.5,0.8,0.9950228946844515
41,0.5,0.1,0.5,0.8,0.9956201473223173
42,0.6,0.1,0.5,0.8,0.9950228946844515
43,0.4,0.1,0.5,1.0,0.9954210631096954
44,0.5,0.1,0.5,1.0,0.9948238104718296
45,0.6,0.1,0.5,1.0,0.9950228946844515
46,0.4,0.1,0.8,0.0,0.9954210631096954
47,0.5,0.1,0.8,0.0,0.9952219788970734
48,0.6,0.1,0.8,0.0,0.9948238104718296
49,0.4,0.1,0.8,0.2,0.9952219788970734
50,0.5,0.1,0.8,0.2,0.9954210631096954
51,0.6,0.1,0.8,0.2,0.9952219788970734
52,0.4,0.1,0.8,0.5,0.9950228946844515
53,0.5,0.1,0.8,0.5,0.9954210631096954
54,0.6,0.1,0.8,0.5,0.9954210631096954
55,0.4,0.1,0.8,0.8,0.9956201473223173
56,0.5,0.1,0.8,0.8,0.9956201473223173
57,0.6,0.1,0.8,0.8,0.9952219788970734
58,0.4,0.1,0.8,1.0,0.9950228946844515
59,0.5,0.1,0.8,1.0,0.9948238104718296
60,0.6,0.1,0.8,1.0,0.9952219788970734
61,0.4,0.1,1.0,0.0,0.9952219788970734
62,0.5,0.1,1.0,0.0,0.9952219788970734
63,0.6,0.1,1.0,0.0,0.9950228946844515
64,0.4,0.1,1.0,0.2,0.9956201473223173
65,0.5,0.1,1.0,0.2,0.9954210631096954
66,0.6,0.1,1.0,0.2,0.9958192315349392
67,0.4,0.1,1.0,0.5,0.9956201473223173
68,0.5,0.1,1.0,0.5,0.9960183157475612
69,0.6,0.1,1.0,0.5,0.9956201473223173
70,0.4,0.1,1.0,0.8,0.9956201473223173
71,0.5,0.1,1.0,0.8,0.9956201473223173
72,0.6,0.1,1.0,0.8,0.9956201473223173
73,0.4,0.1,1.0,1.0,0.9952219788970734
74,0.5,0.1,1.0,1.0,0.9948238104718296
75,0.6,0.1,1.0,1.0,0.9956201473223173
76,0.4,0.01,0.0,0.0,0.9950228946844515
77,0.5,0.01,0.0,0.0,0.9940274736213418
78,0.6,0.01,0.0,0.0,0.9942265578339637
79,0.4,0.01,0.0,0.2,0.9942265578339637
80,0.5,0.01,0.0,0.2,0.9942265578339637
81,0.6,0.01,0.0,0.2,0.9940274736213418
82,0.4,0.01,0.0,0.5,0.9936293051960979
83,0.5,0.01,0.0,0.5,0.9942265578339637
84,0.6,0.01,0.0,0.5,0.9942265578339637
85,0.4,0.01,0.0,0.8,0.9942265578339637
86,0.5,0.01,0.0,0.8,0.9944256420465857
87,0.6,0.01,0.0,0.8,0.9938283894087199
88,0.4,0.01,0.0,1.0,0.9946247262592076
89,0.5,0.01,0.0,1.0,0.9938283894087199
90,0.6,0.01,0.0,1.0,0.9946247262592076
91,0.4,0.01,0.2,0.0,0.9940274736213418
92,0.5,0.01,0.2,0.0,0.9940274736213418
93,0.6,0.01,0.2,0.0,0.9944256420465857
94,0.4,0.01,0.2,0.2,0.9938283894087199
95,0.5,0.01,0.2,0.2,0.9938283894087199
96,0.6,0.01,0.2,0.2,0.9942265578339637
97,0.4,0.01,0.2,0.5,0.9946247262592076
98,0.5,0.01,0.2,0.5,0.9946247262592076
99,0.6,0.01,0.2,0.5,0.9942265578339637
100,0.4,0.01,0.2,0.8,0.9944256420465857
101,0.5,0.01,0.2,0.8,0.9930320525582321
102,0.6,0.01,0.2,0.8,0.9940274736213418
103,0.4,0.01,0.2,1.0,0.9946247262592076
104,0.5,0.01,0.2,1.0,0.9942265578339637
105,0.6,0.01,0.2,1.0,0.9944256420465857
106,0.4,0.01,0.5,0.0,0.9944256420465857
107,0.5,0.01,0.5,0.0,0.9940274736213418
108,0.6,0.01,0.5,0.0,0.9946247262592076
109,0.4,0.01,0.5,0.2,0.9944256420465857
110,0.5,0.01,0.5,0.2,0.9944256420465857
111,0.6,0.01,0.5,0.2,0.9950228946844515
112,0.4,0.01,0.5,0.5,0.9944256420465857
113,0.5,0.01,0.5,0.5,0.9944256420465857
114,0.6,0.01,0.5,0.5,0.9944256420465857
115,0.4,0.01,0.5,0.8,0.9944256420465857
116,0.5,0.01,0.5,0.8,0.9944256420465857
117,0.6,0.01,0.5,0.8,0.9942265578339637
118,0.4,0.01,0.5,1.0,0.9944256420465857
119,0.5,0.01,0.5,1.0,0.9946247262592076
120,0.6,0.01,0.5,1.0,0.9946247262592076
121,0.4,0.01,0.8,0.0,0.9942265578339637
122,0.5,0.01,0.8,0.0,0.9948238104718296
123,0.6,0.01,0.8,0.0,0.9948238104718296
124,0.4,0.01,0.8,0.2,0.9946247262592076
125,0.5,0.01,0.8,0.2,0.9952219788970734
126,0.6,0.01,0.8,0.2,0.9942265578339637
127,0.4,0.01,0.8,0.5,0.9944256420465857
128,0.5,0.01,0.8,0.5,0.9946247262592076
129,0.6,0.01,0.8,0.5,0.9942265578339637
130,0.4,0.01,0.8,0.8,0.9948238104718296
131,0.5,0.01,0.8,0.8,0.9942265578339637
132,0.6,0.01,0.8,0.8,0.9946247262592076
133,0.4,0.01,0.8,1.0,0.9940274736213418
134,0.5,0.01,0.8,1.0,0.9942265578339637
135,0.6,0.01,0.8,1.0,0.9926338841329883
136,0.4,0.01,1.0,0.0,0.9944256420465857
137,0.5,0.01,1.0,0.0,0.9952219788970734
138,0.6,0.01,1.0,0.0,0.9952219788970734
139,0.4,0.01,1.0,0.2,0.9952219788970734
140,0.5,0.01,1.0,0.2,0.9948238104718296
141,0.6,0.01,1.0,0.2,0.9944256420465857
142,0.4,0.01,1.0,0.5,0.9944256420465857
143,0.5,0.01,1.0,0.5,0.9942265578339637
144,0.6,0.01,1.0,0.5,0.9944256420465857
145,0.4,0.01,1.0,0.8,0.9946247262592076
146,0.5,0.01,1.0,0.8,0.9928329683456102
147,0.6,0.01,1.0,0.8,0.9944256420465857
148,0.4,0.01,1.0,1.0,0.9946247262592076
149,0.5,0.01,1.0,1.0,0.9926338841329883
150,0.6,0.01,1.0,1.0,0.9942265578339637
151,0.4,0.001,0.0,0.0,0.9625721680270755
152,0.5,0.001,0.0,0.0,0.9749153892096357
153,0.6,0.001,0.0,0.0,0.9753135576348796
154,0.4,0.001,0.0,0.2,0.9625721680270755
155,0.5,0.001,0.0,0.2,0.9749153892096357
156,0.6,0.001,0.0,0.2,0.9753135576348796
157,0.4,0.001,0.0,0.5,0.9625721680270755
158,0.5,0.001,0.0,0.5,0.9753135576348796
159,0.6,0.001,0.0,0.5,0.9753135576348796
160,0.4,0.001,0.0,0.8,0.9625721680270755
161,0.5,0.001,0.0,0.8,0.9753135576348796
162,0.6,0.001,0.0,0.8,0.9753135576348796
163,0.4,0.001,0.0,1.0,0.9625721680270755
164,0.5,0.001,0.0,1.0,0.9753135576348796
165,0.6,0.001,0.0,1.0,0.9753135576348796
166,0.4,0.001,0.2,0.0,0.9625721680270755
167,0.5,0.001,0.2,0.0,0.9749153892096357
168,0.6,0.001,0.2,0.0,0.9753135576348796
169,0.4,0.001,0.2,0.2,0.9625721680270755
170,0.5,0.001,0.2,0.2,0.9753135576348796
171,0.6,0.001,0.2,0.2,0.9753135576348796
172,0.4,0.001,0.2,0.5,0.9625721680270755
173,0.5,0.001,0.2,0.5,0.9749153892096357
174,0.6,0.001,0.2,0.5,0.9753135576348796
175,0.4,0.001,0.2,0.8,0.9625721680270755
176,0.5,0.001,0.2,0.8,0.9749153892096357
177,0.6,0.001,0.2,0.8,0.9753135576348796
178,0.4,0.001,0.2,1.0,0.9625721680270755
179,0.5,0.001,0.2,1.0,0.9749153892096357
180,0.6,0.001,0.2,1.0,0.9753135576348796
181,0.4,0.001,0.5,0.0,0.9625721680270755
182,0.5,0.001,0.5,0.0,0.9749153892096357
183,0.6,0.001,0.5,0.0,0.9753135576348796
184,0.4,0.001,0.5,0.2,0.9625721680270755
185,0.5,0.001,0.5,0.2,0.9749153892096357
186,0.6,0.001,0.5,0.2,0.9753135576348796
187,0.4,0.001,0.5,0.5,0.9625721680270755
188,0.5,0.001,0.5,0.5,0.9749153892096357
189,0.6,0.001,0.5,0.5,0.9753135576348796
190,0.4,0.001,0.5,0.8,0.9625721680270755
191,0.5,0.001,0.5,0.8,0.9749153892096357
192,0.6,0.001,0.5,0.8,0.9753135576348796
193,0.4,0.001,0.5,1.0,0.9625721680270755
194,0.5,0.001,0.5,1.0,0.9749153892096357
195,0.6,0.001,0.5,1.0,0.9753135576348796
196,0.4,0.001,0.8,0.0,0.9625721680270755
197,0.5,0.001,0.8,0.0,0.9749153892096357
198,0.6,0.001,0.8,0.0,0.9753135576348796
199,0.4,0.001,0.8,0.2,0.9625721680270755
200,0.5,0.001,0.8,0.2,0.9749153892096357
201,0.6,0.001,0.8,0.2,0.9753135576348796
202,0.4,0.001,0.8,0.5,0.9625721680270755
203,0.5,0.001,0.8,0.5,0.9749153892096357
204,0.6,0.001,0.8,0.5,0.9753135576348796
205,0.4,0.001,0.8,0.8,0.9625721680270755
206,0.5,0.001,0.8,0.8,0.9749153892096357
207,0.6,0.001,0.8,0.8,0.9753135576348796
208,0.4,0.001,0.8,1.0,0.9625721680270755
209,0.5,0.001,0.8,1.0,0.9749153892096357
210,0.6,0.001,0.8,1.0,0.9753135576348796
211,0.4,0.001,1.0,0.0,0.9625721680270755
212,0.5,0.001,1.0,0.0,0.9749153892096357
213,0.6,0.001,1.0,0.0,0.9753135576348796
214,0.4,0.001,1.0,0.2,0.9625721680270755
215,0.5,0.001,1.0,0.2,0.9749153892096357
216,0.6,0.001,1.0,0.2,0.9753135576348796
217,0.4,0.001,1.0,0.5,0.9625721680270755
218,0.5,0.001,1.0,0.5,0.9749153892096357
219,0.6,0.001,1.0,0.5,0.9753135576348796
220,0.4,0.001,1.0,0.8,0.9625721680270755
221,0.5,0.001,1.0,0.8,0.9749153892096357
222,0.6,0.001,1.0,0.8,0.9753135576348796
223,0.4,0.001,1.0,1.0,0.9625721680270755
224,0.5,0.001,1.0,1.0,0.9749153892096357
225,0.6,0.001,1.0,1.0,0.9753135576348796
226,0.4,0.0001,0.0,0.0,0.7023691021302011
227,0.5,0.0001,0.0,0.0,0.9370893888114673
228,0.6,0.0001,0.0,0.0,0.2976308978697989
229,0.4,0.0001,0.0,0.2,0.7023691021302011
230,0.5,0.0001,0.0,0.2,0.9370893888114673
231,0.6,0.0001,0.0,0.2,0.2976308978697989
232,0.4,0.0001,0.0,0.5,0.7023691021302011
233,0.5,0.0001,0.0,0.5,0.9374875572367112
234,0.6,0.0001,0.0,0.5,0.2976308978697989
235,0.4,0.0001,0.0,0.8,0.7023691021302011
236,0.5,0.0001,0.0,0.8,0.9374875572367112
237,0.6,0.0001,0.0,0.8,0.2976308978697989
238,0.4,0.0001,0.0,1.0,0.7023691021302011
239,0.5,0.0001,0.0,1.0,0.9374875572367112
240,0.6,0.0001,0.0,1.0,0.2976308978697989
241,0.4,0.0001,0.2,0.0,0.7023691021302011
242,0.5,0.0001,0.2,0.0,0.9374875572367112
243,0.6,0.0001,0.2,0.0,0.2976308978697989
244,0.4,0.0001,0.2,0.2,0.7023691021302011
245,0.5,0.0001,0.2,0.2,0.9374875572367112
246,0.6,0.0001,0.2,0.2,0.2976308978697989
247,0.4,0.0001,0.2,0.5,0.7023691021302011
248,0.5,0.0001,0.2,0.5,0.9374875572367112
249,0.6,0.0001,0.2,0.5,0.2976308978697989
250,0.4,0.0001,0.2,0.8,0.7023691021302011
251,0.5,0.0001,0.2,0.8,0.9374875572367112
252,0.6,0.0001,0.2,0.8,0.2976308978697989
253,0.4,0.0001,0.2,1.0,0.7023691021302011
254,0.5,0.0001,0.2,1.0,0.9374875572367112
255,0.6,0.0001,0.2,1.0,0.2976308978697989
256,0.4,0.0001,0.5,0.0,0.7023691021302011
257,0.5,0.0001,0.5,0.0,0.9374875572367112
258,0.6,0.0001,0.5,0.0,0.2976308978697989
259,0.4,0.0001,0.5,0.2,0.7023691021302011
260,0.5,0.0001,0.5,0.2,0.9374875572367112
261,0.6,0.0001,0.5,0.2,0.2976308978697989
262,0.4,0.0001,0.5,0.5,0.7023691021302011
263,0.5,0.0001,0.5,0.5,0.9374875572367112
264,0.6,0.0001,0.5,0.5,0.2976308978697989
265,0.4,0.0001,0.5,0.8,0.7023691021302011
266,0.5,0.0001,0.5,0.8,0.9374875572367112
267,0.6,0.0001,0.5,0.8,0.2976308978697989
268,0.4,0.0001,0.5,1.0,0.7023691021302011
269,0.5,0.0001,0.5,1.0,0.9374875572367112
270,0.6,0.0001,0.5,1.0,0.2976308978697989
271,0.4,0.0001,0.8,0.0,0.7023691021302011
272,0.5,0.0001,0.8,0.0,0.9374875572367112
273,0.6,0.0001,0.8,0.0,0.2976308978697989
274,0.4,0.0001,0.8,0.2,0.7023691021302011
275,0.5,0.0001,0.8,0.2,0.9374875572367112
276,0.6,0.0001,0.8,0.2,0.2976308978697989
277,0.4,0.0001,0.8,0.5,0.7023691021302011
278,0.5,0.0001,0.8,0.5,0.9374875572367112
279,0.6,0.0001,0.8,0.5,0.2976308978697989
280,0.4,0.0001,0.8,0.8,0.7023691021302011
281,0.5,0.0001,0.8,0.8,0.9374875572367112
282,0.6,0.0001,0.8,0.8,0.2976308978697989
283,0.4,0.0001,0.8,1.0,0.7023691021302011
284,0.5,0.0001,0.8,1.0,0.9374875572367112
285,0.6,0.0001,0.8,1.0,0.2976308978697989
286,0.4,0.0001,1.0,0.0,0.7023691021302011
287,0.5,0.0001,1.0,0.0,0.9374875572367112
288,0.6,0.0001,1.0,0.0,0.2976308978697989
289,0.4,0.0001,1.0,0.2,0.7023691021302011
290,0.5,0.0001,1.0,0.2,0.9374875572367112
291,0.6,0.0001,1.0,0.2,0.2976308978697989
292,0.4,0.0001,1.0,0.5,0.7023691021302011
293,0.5,0.0001,1.0,0.5,0.9374875572367112
294,0.6,0.0001,1.0,0.5,0.2976308978697989
295,0.4,0.0001,1.0,0.8,0.7023691021302011
296,0.5,0.0001,1.0,0.8,0.9374875572367112
297,0.6,0.0001,1.0,0.8,0.2976308978697989
298,0.4,0.0001,1.0,1.0,0.7023691021302011
299,0.5,0.0001,1.0,1.0,0.9374875572367112
300,0.6,0.0001,1.0,1.0,0.2976308978697989
301,0.4,2.5,0.0,0.0,0.7019709337049572
302,0.5,2.5,0.0,0.0,0.7161059128011149
303,0.6,2.5,0.0,0.0,0.4736213418275931
304,0.4,2.5,0.0,0.2,0.2976308978697989
305,0.5,2.5,0.0,0.2,0.7003782600039817
306,0.6,2.5,0.0,0.2,0.3000199084212622
307,0.4,2.5,0.0,0.5,0.2976308978697989
308,0.5,2.5,0.0,0.5,0.7023691021302011
309,0.6,2.5,0.0,0.5,0.7023691021302011
310,0.4,2.5,0.0,0.8,0.35058729842723474
311,0.5,2.5,0.0,0.8,0.7023691021302011
312,0.6,2.5,0.0,0.8,0.7023691021302011
313,0.4,2.5,0.0,1.0,0.7023691021302011
314,0.5,2.5,0.0,1.0,0.7141150706748954
315,0.6,2.5,0.0,1.0,0.31355763487955407
316,0.4,2.5,0.2,0.0,0.7033645231933108
317,0.5,2.5,0.2,0.0,0.6916185546486163
318,0.6,2.5,0.2,0.0,0.6983874178777623
319,0.4,2.5,0.2,0.2,0.3412303404340036
320,0.5,2.5,0.2,0.2,0.5144336054150905
321,0.6,2.5,0.2,0.2,0.7023691021302011
322,0.4,2.5,0.2,0.5,0.6985865020903842
323,0.5,2.5,0.2,0.5,0.6884332072466653
324,0.6,2.5,0.2,0.5,0.7023691021302011
325,0.4,2.5,0.2,0.8,0.7005773442166037
326,0.5,2.5,0.2,0.8,0.7069480390205056
327,0.6,2.5,0.2,0.8,0.6967947441767868
328,0.4,2.5,0.2,1.0,0.2976308978697989
329,0.5,2.5,0.2,1.0,0.6946048178379455
330,0.6,2.5,0.2,1.0,0.7023691021302011
331,0.4,2.5,0.5,0.0,0.7023691021302011
332,0.5,2.5,0.5,0.0,0.7165040812263588
333,0.6,2.5,0.5,0.0,0.7023691021302011
334,0.4,2.5,0.5,0.2,0.7023691021302011
335,0.5,2.5,0.5,0.2,0.2976308978697989
336,0.6,2.5,0.5,0.2,0.7011745968544695
337,0.4,2.5,0.5,0.5,0.2980290662950428
338,0.5,2.5,0.5,0.5,0.7023691021302011
339,0.6,2.5,0.5,0.5,0.7007764284292256
340,0.4,2.5,0.5,0.8,0.3147521401552857
341,0.5,2.5,0.5,0.8,0.7013736810670914
342,0.6,2.5,0.5,0.8,0.6902249651602628
343,0.4,2.5,0.5,1.0,0.2976308978697989
344,0.5,2.5,0.5,1.0,0.6850487756320923
345,0.6,2.5,0.5,1.0,0.7023691021302011
346,0.4,2.5,0.8,0.0,0.2976308978697989
347,0.5,2.5,0.8,0.0,0.682858849293251
348,0.6,2.5,0.8,0.0,0.6967947441767868
349,0.4,2.5,0.8,0.2,0.6557833963766674
350,0.5,2.5,0.8,0.2,0.4399761098944854
351,0.6,2.5,0.8,0.2,0.6950029862631893
352,0.4,2.5,0.8,0.5,0.6932112283495919
353,0.5,2.5,0.8,0.5,0.7081425442962374
354,0.6,2.5,0.8,0.5,0.2976308978697989
355,0.4,2.5,0.8,0.8,0.7023691021302011
356,0.5,2.5,0.8,0.8,0.3053951821620545
357,0.6,2.5,0.8,0.8,0.7081425442962374
358,0.4,2.5,0.8,1.0,0.4093171411507068
359,0.5,2.5,0.8,1.0,0.30400159267370097
360,0.6,2.5,0.8,1.0,0.558630300617161
361,0.4,2.5,1.0,0.0,0.5106510053752737
362,0.5,2.5,1.0,0.0,0.604618753732829
363,0.6,2.5,1.0,0.0,0.5644037427831973
364,0.4,2.5,1.0,0.2,0.2976308978697989
365,0.5,2.5,1.0,0.2,0.4736213418275931
366,0.6,2.5,1.0,0.2,0.695998407326299
367,0.4,2.5,1.0,0.5,0.5743579534142943
368,0.5,2.5,1.0,0.5,0.7401951025283695
369,0.6,2.5,1.0,0.5,0.5106510053752737
370,0.4,2.5,1.0,0.8,0.7023691021302011
371,0.5,2.5,1.0,0.8,0.696197491538921
372,0.6,2.5,1.0,0.8,0.5395182162054549
373,0.4,2.5,1.0,1.0,0.2976308978697989
374,0.5,2.5,1.0,1.0,0.7017718494923353
375,0.6,2.5,1.0,1.0,0.7163049970137368
376,0.4,0.25,0.0,0.0,0.9948238104718296
377,0.5,0.25,0.0,0.0,0.9944256420465857
378,0.6,0.25,0.0,0.0,0.9944256420465857
379,0.4,0.25,0.0,0.2,0.9948238104718296
380,0.5,0.25,0.0,0.2,0.9944256420465857
381,0.6,0.25,0.0,0.2,0.9946247262592076
382,0.4,0.25,0.0,0.5,0.9950228946844515
383,0.5,0.25,0.0,0.5,0.9946247262592076
384,0.6,0.25,0.0,0.5,0.9948238104718296
385,0.4,0.25,0.0,0.8,0.9946247262592076
386,0.5,0.25,0.0,0.8,0.9944256420465857
387,0.6,0.25,0.0,0.8,0.9946247262592076
388,0.4,0.25,0.0,1.0,0.9946247262592076
389,0.5,0.25,0.0,1.0,0.9944256420465857
390,0.6,0.25,0.0,1.0,0.9942265578339637
391,0.4,0.25,0.2,0.0,0.9948238104718296
392,0.5,0.25,0.2,0.0,0.9946247262592076
393,0.6,0.25,0.2,0.0,0.9948238104718296
394,0.4,0.25,0.2,0.2,0.9944256420465857
395,0.5,0.25,0.2,0.2,0.9944256420465857
396,0.6,0.25,0.2,0.2,0.9944256420465857
397,0.4,0.25,0.2,0.5,0.9944256420465857
398,0.5,0.25,0.2,0.5,0.9946247262592076
399,0.6,0.25,0.2,0.5,0.9944256420465857
400,0.4,0.25,0.2,0.8,0.9944256420465857
401,0.5,0.25,0.2,0.8,0.9946247262592076
402,0.6,0.25,0.2,0.8,0.9944256420465857
403,0.4,0.25,0.2,1.0,0.9940274736213418
404,0.5,0.25,0.2,1.0,0.9946247262592076
405,0.6,0.25,0.2,1.0,0.9942265578339637
406,0.4,0.25,0.5,0.0,0.9944256420465857
407,0.5,0.25,0.5,0.0,0.9942265578339637
408,0.6,0.25,0.5,0.0,0.9948238104718296
409,0.4,0.25,0.5,0.2,0.9944256420465857
410,0.5,0.25,0.5,0.2,0.9942265578339637
411,0.6,0.25,0.5,0.2,0.9956201473223173
412,0.4,0.25,0.5,0.5,0.9946247262592076
413,0.5,0.25,0.5,0.5,0.9952219788970734
414,0.6,0.25,0.5,0.5,0.9954210631096954
415,0.4,0.25,0.5,0.8,0.9950228946844515
416,0.5,0.25,0.5,0.8,0.9946247262592076
417,0.6,0.25,0.5,0.8,0.9946247262592076
418,0.4,0.25,0.5,1.0,0.9950228946844515
419,0.5,0.25,0.5,1.0,0.9948238104718296
420,0.6,0.25,0.5,1.0,0.9942265578339637
421,0.4,0.25,0.8,0.0,0.9954210631096954
422,0.5,0.25,0.8,0.0,0.9944256420465857
423,0.6,0.25,0.8,0.0,0.9950228946844515
424,0.4,0.25,0.8,0.2,0.9950228946844515
425,0.5,0.25,0.8,0.2,0.9952219788970734
426,0.6,0.25,0.8,0.2,0.9956201473223173
427,0.4,0.25,0.8,0.5,0.9948238104718296
428,0.5,0.25,0.8,0.5,0.9950228946844515
429,0.6,0.25,0.8,0.5,0.9948238104718296
430,0.4,0.25,0.8,0.8,0.9952219788970734
431,0.5,0.25,0.8,0.8,0.9954210631096954
432,0.6,0.25,0.8,0.8,0.9950228946844515
433,0.4,0.25,0.8,1.0,0.9944256420465857
434,0.5,0.25,0.8,1.0,0.9950228946844515
435,0.6,0.25,0.8,1.0,0.9952219788970734
436,0.4,0.25,1.0,0.0,0.9948238104718296
437,0.5,0.25,1.0,0.0,0.9956201473223173
438,0.6,0.25,1.0,0.0,0.9950228946844515
439,0.4,0.25,1.0,0.2,0.9952219788970734
440,0.5,0.25,1.0,0.2,0.9952219788970734
441,0.6,0.25,1.0,0.2,0.9956201473223173
442,0.4,0.25,1.0,0.5,0.9954210631096954
443,0.5,0.25,1.0,0.5,0.9960183157475612
444,0.6,0.25,1.0,0.5,0.9950228946844515
445,0.4,0.25,1.0,0.8,0.9948238104718296
446,0.5,0.25,1.0,0.8,0.9952219788970734
447,0.6,0.25,1.0,0.8,0.9950228946844515
448,0.4,0.25,1.0,1.0,0.9946247262592076
449,0.5,0.25,1.0,1.0,0.9958192315349392
450,0.6,0.25,1.0,1.0,0.9952219788970734
451,0.4,0.025,0.0,0.0,0.9952219788970734
452,0.5,0.025,0.0,0.0,0.9952219788970734
453,0.6,0.025,0.0,0.0,0.9950228946844515
454,0.4,0.025,0.0,0.2,0.9954210631096954
455,0.5,0.025,0.0,0.2,0.9956201473223173
456,0.6,0.025,0.0,0.2,0.9954210631096954
457,0.4,0.025,0.0,0.5,0.9958192315349392
458,0.5,0.025,0.0,0.5,0.9954210631096954
459,0.6,0.025,0.0,0.5,0.9956201473223173
460,0.4,0.025,0.0,0.8,0.9950228946844515
461,0.5,0.025,0.0,0.8,0.9954210631096954
462,0.6,0.025,0.0,0.8,0.9950228946844515
463,0.4,0.025,0.0,1.0,0.9956201473223173
464,0.5,0.025,0.0,1.0,0.9960183157475612
465,0.6,0.025,0.0,1.0,0.9952219788970734
466,0.4,0.025,0.2,0.0,0.9954210631096954
467,0.5,0.025,0.2,0.0,0.9948238104718296
468,0.6,0.025,0.2,0.0,0.9948238104718296
469,0.4,0.025,0.2,0.2,0.9954210631096954
470,0.5,0.025,0.2,0.2,0.9956201473223173
471,0.6,0.025,0.2,0.2,0.9952219788970734
472,0.4,0.025,0.2,0.5,0.9956201473223173
473,0.5,0.025,0.2,0.5,0.9954210631096954
474,0.6,0.025,0.2,0.5,0.9950228946844515
475,0.4,0.025,0.2,0.8,0.9956201473223173
476,0.5,0.025,0.2,0.8,0.9956201473223173
477,0.6,0.025,0.2,0.8,0.9958192315349392
478,0.4,0.025,0.2,1.0,0.9952219788970734
479,0.5,0.025,0.2,1.0,0.9954210631096954
480,0.6,0.025,0.2,1.0,0.9956201473223173
481,0.4,0.025,0.5,0.0,0.9952219788970734
482,0.5,0.025,0.5,0.0,0.9956201473223173
483,0.6,0.025,0.5,0.0,0.9954210631096954
484,0.4,0.025,0.5,0.2,0.9954210631096954
485,0.5,0.025,0.5,0.2,0.9956201473223173
486,0.6,0.025,0.5,0.2,0.9960183157475612
487,0.4,0.025,0.5,0.5,0.9958192315349392
488,0.5,0.025,0.5,0.5,0.9956201473223173
489,0.6,0.025,0.5,0.5,0.9958192315349392
490,0.4,0.025,0.5,0.8,0.9954210631096954
491,0.5,0.025,0.5,0.8,0.9958192315349392
492,0.6,0.025,0.5,0.8,0.9956201473223173
493,0.4,0.025,0.5,1.0,0.9956201473223173
494,0.5,0.025,0.5,1.0,0.9956201473223173
495,0.6,0.025,0.5,1.0,0.9960183157475612
496,0.4,0.025,0.8,0.0,0.9954210631096954
497,0.5,0.025,0.8,0.0,0.9956201473223173
498,0.6,0.025,0.8,0.0,0.9960183157475612
499,0.4,0.025,0.8,0.2,0.9956201473223173
500,0.5,0.025,0.8,0.2,0.9952219788970734
501,0.6,0.025,0.8,0.2,0.9956201473223173
502,0.4,0.025,0.8,0.5,0.9954210631096954
503,0.5,0.025,0.8,0.5,0.9954210631096954
504,0.6,0.025,0.8,0.5,0.9956201473223173
505,0.4,0.025,0.8,0.8,0.9954210631096954
506,0.5,0.025,0.8,0.8,0.9954210631096954
507,0.6,0.025,0.8,0.8,0.9954210631096954
508,0.4,0.025,0.8,1.0,0.9958192315349392
509,0.5,0.025,0.8,1.0,0.9950228946844515
510,0.6,0.025,0.8,1.0,0.9956201473223173
511,0.4,0.025,1.0,0.0,0.9960183157475612
512,0.5,0.025,1.0,0.0,0.9956201473223173
513,0.6,0.025,1.0,0.0,0.9956201473223173
514,0.4,0.025,1.0,0.2,0.9954210631096954
515,0.5,0.025,1.0,0.2,0.9956201473223173
516,0.6,0.025,1.0,0.2,0.9956201473223173
517,0.4,0.025,1.0,0.5,0.9958192315349392
518,0.5,0.025,1.0,0.5,0.9960183157475612
519,0.6,0.025,1.0,0.5,0.9950228946844515
520,0.4,0.025,1.0,0.8,0.9964164841728052
521,0.5,0.025,1.0,0.8,0.9962173999601831
522,0.6,0.025,1.0,0.8,0.9962173999601831
523,0.4,0.025,1.0,1.0,0.9960183157475612
524,0.5,0.025,1.0,1.0,0.9960183157475612
525,0.6,0.025,1.0,1.0,0.9966155683854271
526,0.4,0.0025,0.0,0.0,0.9790961576746964
527,0.5,0.0025,0.0,0.0,0.9792952418873183
528,0.6,0.0025,0.0,0.0,0.9792952418873183
529,0.4,0.0025,0.0,0.2,0.9786979892494525
530,0.5,0.0025,0.0,0.2,0.9792952418873183
531,0.6,0.0025,0.0,0.2,0.9792952418873183
532,0.4,0.0025,0.0,0.5,0.9786979892494525
533,0.5,0.0025,0.0,0.5,0.9792952418873183
534,0.6,0.0025,0.0,0.5,0.9792952418873183
535,0.4,0.0025,0.0,0.8,0.9786979892494525
536,0.5,0.0025,0.0,0.8,0.9792952418873183
537,0.6,0.0025,0.0,0.8,0.9792952418873183
538,0.4,0.0025,0.0,1.0,0.9786979892494525
539,0.5,0.0025,0.0,1.0,0.9792952418873183
540,0.6,0.0025,0.0,1.0,0.9792952418873183
541,0.4,0.0025,0.2,0.0,0.9786979892494525
542,0.5,0.0025,0.2,0.0,0.9792952418873183
543,0.6,0.0025,0.2,0.0,0.9792952418873183
544,0.4,0.0025,0.2,0.2,0.9790961576746964
545,0.5,0.0025,0.2,0.2,0.9792952418873183
546,0.6,0.0025,0.2,0.2,0.9792952418873183
547,0.4,0.0025,0.2,0.5,0.9786979892494525
548,0.5,0.0025,0.2,0.5,0.9792952418873183
549,0.6,0.0025,0.2,0.5,0.9792952418873183
550,0.4,0.0025,0.2,0.8,0.9786979892494525
551,0.5,0.0025,0.2,0.8,0.9792952418873183
552,0.6,0.0025,0.2,0.8,0.9792952418873183
553,0.4,0.0025,0.2,1.0,0.9786979892494525
554,0.5,0.0025,0.2,1.0,0.9792952418873183
555,0.6,0.0025,0.2,1.0,0.9792952418873183
556,0.4,0.0025,0.5,0.0,0.9786979892494525
557,0.5,0.0025,0.5,0.0,0.9792952418873183
558,0.6,0.0025,0.5,0.0,0.9792952418873183
559,0.4,0.0025,0.5,0.2,0.9786979892494525
560,0.5,0.0025,0.5,0.2,0.9792952418873183
561,0.6,0.0025,0.5,0.2,0.9792952418873183
562,0.4,0.0025,0.5,0.5,0.9786979892494525
563,0.5,0.0025,0.5,0.5,0.9792952418873183
564,0.6,0.0025,0.5,0.5,0.9792952418873183
565,0.4,0.0025,0.5,0.8,0.9786979892494525
566,0.5,0.0025,0.5,0.8,0.9792952418873183
567,0.6,0.0025,0.5,0.8,0.9792952418873183
568,0.4,0.0025,0.5,1.0,0.9786979892494525
569,0.5,0.0025,0.5,1.0,0.9792952418873183
570,0.6,0.0025,0.5,1.0,0.9792952418873183
571,0.4,0.0025,0.8,0.0,0.9786979892494525
572,0.5,0.0025,0.8,0.0,0.9792952418873183
573,0.6,0.0025,0.8,0.0,0.9792952418873183
574,0.4,0.0025,0.8,0.2,0.9786979892494525
575,0.5,0.0025,0.8,0.2,0.9792952418873183
576,0.6,0.0025,0.8,0.2,0.9792952418873183
577,0.4,0.0025,0.8,0.5,0.9786979892494525
578,0.5,0.0025,0.8,0.5,0.9792952418873183
579,0.6,0.0025,0.8,0.5,0.9792952418873183
580,0.4,0.0025,0.8,0.8,0.9786979892494525
581,0.5,0.0025,0.8,0.8,0.9792952418873183
582,0.6,0.0025,0.8,0.8,0.9792952418873183
583,0.4,0.0025,0.8,1.0,0.9786979892494525
584,0.5,0.0025,0.8,1.0,0.9792952418873183
585,0.6,0.0025,0.8,1.0,0.9792952418873183
586,0.4,0.0025,1.0,0.0,0.9786979892494525
587,0.5,0.0025,1.0,0.0,0.9792952418873183
588,0.6,0.0025,1.0,0.0,0.9792952418873183
589,0.4,0.0025,1.0,0.2,0.9786979892494525
590,0.5,0.0025,1.0,0.2,0.9792952418873183
591,0.6,0.0025,1.0,0.2,0.9792952418873183
592,0.4,0.0025,1.0,0.5,0.9786979892494525
593,0.5,0.0025,1.0,0.5,0.9792952418873183
594,0.6,0.0025,1.0,0.5,0.9792952418873183
595,0.4,0.0025,1.0,0.8,0.9786979892494525
596,0.5,0.0025,1.0,0.8,0.9792952418873183
597,0.6,0.0025,1.0,0.8,0.9792952418873183
598,0.4,0.0025,1.0,1.0,0.9786979892494525
599,0.5,0.0025,1.0,1.0,0.9792952418873183
600,0.6,0.0025,1.0,1.0,0.9792952418873183
601,0.4,0.5,0.0,0.0,0.9946247262592076
602,0.5,0.5,0.0,0.0,0.9948238104718296
603,0.6,0.5,0.0,0.0,0.9946247262592076
604,0.4,0.5,0.0,0.2,0.9946247262592076
605,0.5,0.5,0.0,0.2,0.9944256420465857
606,0.6,0.5,0.0,0.2,0.9944256420465857
607,0.4,0.5,0.0,0.5,0.9948238104718296
608,0.5,0.5,0.0,0.5,0.9944256420465857
609,0.6,0.5,0.0,0.5,0.9942265578339637
610,0.4,0.5,0.0,0.8,0.9942265578339637
611,0.5,0.5,0.0,0.8,0.9948238104718296
612,0.6,0.5,0.0,0.8,0.9944256420465857
613,0.4,0.5,0.0,1.0,0.9940274736213418
614,0.5,0.5,0.0,1.0,0.9948238104718296
615,0.6,0.5,0.0,1.0,0.9942265578339637
616,0.4,0.5,0.2,0.0,0.9942265578339637
617,0.5,0.5,0.2,0.0,0.9940274736213418
618,0.6,0.5,0.2,0.0,0.9940274736213418
619,0.4,0.5,0.2,0.2,0.9944256420465857
620,0.5,0.5,0.2,0.2,0.9944256420465857
621,0.6,0.5,0.2,0.2,0.9942265578339637
622,0.4,0.5,0.2,0.5,0.9942265578339637
623,0.5,0.5,0.2,0.5,0.9944256420465857
624,0.6,0.5,0.2,0.5,0.9942265578339637
625,0.4,0.5,0.2,0.8,0.9946247262592076
626,0.5,0.5,0.2,0.8,0.9942265578339637
627,0.6,0.5,0.2,0.8,0.9938283894087199
628,0.4,0.5,0.2,1.0,0.9940274736213418
629,0.5,0.5,0.2,1.0,0.9942265578339637
630,0.6,0.5,0.2,1.0,0.9946247262592076
631,0.4,0.5,0.5,0.0,0.9950228946844515
632,0.5,0.5,0.5,0.0,0.9946247262592076
633,0.6,0.5,0.5,0.0,0.9946247262592076
634,0.4,0.5,0.5,0.2,0.9948238104718296
635,0.5,0.5,0.5,0.2,0.9948238104718296
636,0.6,0.5,0.5,0.2,0.9946247262592076
637,0.4,0.5,0.5,0.5,0.9952219788970734
638,0.5,0.5,0.5,0.5,0.9950228946844515
639,0.6,0.5,0.5,0.5,0.9946247262592076
640,0.4,0.5,0.5,0.8,0.9946247262592076
641,0.5,0.5,0.5,0.8,0.9954210631096954
642,0.6,0.5,0.5,0.8,0.9952219788970734
643,0.4,0.5,0.5,1.0,0.9948238104718296
644,0.5,0.5,0.5,1.0,0.9944256420465857
645,0.6,0.5,0.5,1.0,0.9948238104718296
646,0.4,0.5,0.8,0.0,0.9954210631096954
647,0.5,0.5,0.8,0.0,0.9948238104718296
648,0.6,0.5,0.8,0.0,0.9952219788970734
649,0.4,0.5,0.8,0.2,0.9954210631096954
650,0.5,0.5,0.8,0.2,0.9950228946844515
651,0.6,0.5,0.8,0.2,0.9952219788970734
652,0.4,0.5,0.8,0.5,0.9954210631096954
653,0.5,0.5,0.8,0.5,0.9950228946844515
654,0.6,0.5,0.8,0.5,0.9948238104718296
655,0.4,0.5,0.8,0.8,0.9952219788970734
656,0.5,0.5,0.8,0.8,0.9944256420465857
657,0.6,0.5,0.8,0.8,0.9946247262592076
658,0.4,0.5,0.8,1.0,0.9956201473223173
659,0.5,0.5,0.8,1.0,0.9946247262592076
660,0.6,0.5,0.8,1.0,0.9944256420465857
661,0.4,0.5,1.0,0.0,0.9950228946844515
662,0.5,0.5,1.0,0.0,0.9960183157475612
663,0.6,0.5,1.0,0.0,0.9958192315349392
664,0.4,0.5,1.0,0.2,0.9958192315349392
665,0.5,0.5,1.0,0.2,0.9956201473223173
666,0.6,0.5,1.0,0.2,0.9952219788970734
667,0.4,0.5,1.0,0.5,0.9958192315349392
668,0.5,0.5,1.0,0.5,0.9956201473223173
669,0.6,0.5,1.0,0.5,0.9942265578339637
670,0.4,0.5,1.0,0.8,0.9962173999601831
671,0.5,0.5,1.0,0.8,0.9950228946844515
672,0.6,0.5,1.0,0.8,0.9946247262592076
673,0.4,0.5,1.0,1.0,0.9956201473223173
674,0.5,0.5,1.0,1.0,0.9956201473223173
675,0.6,0.5,1.0,1.0,0.9946247262592076
676,0.4,0.05,0.0,0.0,0.9950228946844515
677,0.5,0.05,0.0,0.0,0.9948238104718296
678,0.6,0.05,0.0,0.0,0.9950228946844515
679,0.4,0.05,0.0,0.2,0.9950228946844515
680,0.5,0.05,0.0,0.2,0.9950228946844515
681,0.6,0.05,0.0,0.2,0.9950228946844515
682,0.4,0.05,0.0,0.5,0.9948238104718296
683,0.5,0.05,0.0,0.5,0.9948238104718296
684,0.6,0.05,0.0,0.5,0.9946247262592076
685,0.4,0.05,0.0,0.8,0.9950228946844515
686,0.5,0.05,0.0,0.8,0.9948238104718296
687,0.6,0.05,0.0,0.8,0.9948238104718296
688,0.4,0.05,0.0,1.0,0.9952219788970734
689,0.5,0.05,0.0,1.0,0.9950228946844515
690,0.6,0.05,0.0,1.0,0.9948238104718296
691,0.4,0.05,0.2,0.0,0.9944256420465857
692,0.5,0.05,0.2,0.0,0.9948238104718296
693,0.6,0.05,0.2,0.0,0.9946247262592076
694,0.4,0.05,0.2,0.2,0.9950228946844515
695,0.5,0.05,0.2,0.2,0.9948238104718296
696,0.6,0.05,0.2,0.2,0.9950228946844515
697,0.4,0.05,0.2,0.5,0.9952219788970734
698,0.5,0.05,0.2,0.5,0.9950228946844515
699,0.6,0.05,0.2,0.5,0.9952219788970734
700,0.4,0.05,0.2,0.8,0.9946247262592076
701,0.5,0.05,0.2,0.8,0.9944256420465857
702,0.6,0.05,0.2,0.8,0.9946247262592076
703,0.4,0.05,0.2,1.0,0.9948238104718296
704,0.5,0.05,0.2,1.0,0.9952219788970734
705,0.6,0.05,0.2,1.0,0.9950228946844515
706,0.4,0.05,0.5,0.0,0.9952219788970734
707,0.5,0.05,0.5,0.0,0.9950228946844515
708,0.6,0.05,0.5,0.0,0.9952219788970734
709,0.4,0.05,0.5,0.2,0.9954210631096954
710,0.5,0.05,0.5,0.2,0.9948238104718296
711,0.6,0.05,0.5,0.2,0.9954210631096954
712,0.4,0.05,0.5,0.5,0.9952219788970734
713,0.5,0.05,0.5,0.5,0.9948238104718296
714,0.6,0.05,0.5,0.5,0.9954210631096954
715,0.4,0.05,0.5,0.8,0.9954210631096954
716,0.5,0.05,0.5,0.8,0.9952219788970734
717,0.6,0.05,0.5,0.8,0.9952219788970734
718,0.4,0.05,0.5,1.0,0.9954210631096954
719,0.5,0.05,0.5,1.0,0.9944256420465857
720,0.6,0.05,0.5,1.0,0.9954210631096954
721,0.4,0.05,0.8,0.0,0.9950228946844515
722,0.5,0.05,0.8,0.0,0.9950228946844515
723,0.6,0.05,0.8,0.0,0.9954210631096954
724,0.4,0.05,0.8,0.2,0.9958192315349392
725,0.5,0.05,0.8,0.2,0.9956201473223173
726,0.6,0.05,0.8,0.2,0.9950228946844515
727,0.4,0.05,0.8,0.5,0.9956201473223173
728,0.5,0.05,0.8,0.5,0.9960183157475612
729,0.6,0.05,0.8,0.5,0.9952219788970734
730,0.4,0.05,0.8,0.8,0.9952219788970734
731,0.5,0.05,0.8,0.8,0.9954210631096954
732,0.6,0.05,0.8,0.8,0.9954210631096954
733,0.4,0.05,0.8,1.0,0.9954210631096954
734,0.5,0.05,0.8,1.0,0.9950228946844515
735,0.6,0.05,0.8,1.0,0.9952219788970734
736,0.4,0.05,1.0,0.0,0.9952219788970734
737,0.5,0.05,1.0,0.0,0.9960183157475612
738,0.6,0.05,1.0,0.0,0.9956201473223173
739,0.4,0.05,1.0,0.2,0.9956201473223173
740,0.5,0.05,1.0,0.2,0.9958192315349392
741,0.6,0.05,1.0,0.2,0.9954210631096954
742,0.4,0.05,1.0,0.5,0.9956201473223173
743,0.5,0.05,1.0,0.5,0.9962173999601831
744,0.6,0.05,1.0,0.5,0.9960183157475612
745,0.4,0.05,1.0,0.8,0.9954210631096954
746,0.5,0.05,1.0,0.8,0.9952219788970734
747,0.6,0.05,1.0,0.8,0.9956201473223173
748,0.4,0.05,1.0,1.0,0.9960183157475612
749,0.5,0.05,1.0,1.0,0.9948238104718296
750,0.6,0.05,1.0,1.0,0.9962173999601831
751,0.4,0.005,0.0,0.0,0.9878558630300617
752,0.5,0.005,0.0,0.0,0.9846705156281107
753,0.6,0.005,0.0,0.0,0.9846705156281107
754,0.4,0.005,0.0,0.2,0.9878558630300617
755,0.5,0.005,0.0,0.2,0.9846705156281107
756,0.6,0.005,0.0,0.2,0.9846705156281107
757,0.4,0.005,0.0,0.5,0.9848695998407326
758,0.5,0.005,0.0,0.5,0.9846705156281107
759,0.6,0.005,0.0,0.5,0.9846705156281107
760,0.4,0.005,0.0,0.8,0.9848695998407326
761,0.5,0.005,0.0,0.8,0.9846705156281107
762,0.6,0.005,0.0,0.8,0.9846705156281107
763,0.4,0.005,0.0,1.0,0.9848695998407326
764,0.5,0.005,0.0,1.0,0.9846705156281107
765,0.6,0.005,0.0,1.0,0.9846705156281107
766,0.4,0.005,0.2,0.0,0.9878558630300617
767,0.5,0.005,0.2,0.0,0.9846705156281107
768,0.6,0.005,0.2,0.0,0.9846705156281107
769,0.4,0.005,0.2,0.2,0.9848695998407326
770,0.5,0.005,0.2,0.2,0.9846705156281107
771,0.6,0.005,0.2,0.2,0.9846705156281107
772,0.4,0.005,0.2,0.5,0.9880549472426836
773,0.5,0.005,0.2,0.5,0.9846705156281107
774,0.6,0.005,0.2,0.5,0.9846705156281107
775,0.4,0.005,0.2,0.8,0.9848695998407326
776,0.5,0.005,0.2,0.8,0.9846705156281107
777,0.6,0.005,0.2,0.8,0.9846705156281107
778,0.4,0.005,0.2,1.0,0.9848695998407326
779,0.5,0.005,0.2,1.0,0.9846705156281107
780,0.6,0.005,0.2,1.0,0.9846705156281107
781,0.4,0.005,0.5,0.0,0.9848695998407326
782,0.5,0.005,0.5,0.0,0.9846705156281107
783,0.6,0.005,0.5,0.0,0.9846705156281107
784,0.4,0.005,0.5,0.2,0.9848695998407326
785,0.5,0.005,0.5,0.2,0.9846705156281107
786,0.6,0.005,0.5,0.2,0.9846705156281107
787,0.4,0.005,0.5,0.5,0.9848695998407326
788,0.5,0.005,0.5,0.5,0.9846705156281107
789,0.6,0.005,0.5,0.5,0.9846705156281107
790,0.4,0.005,0.5,0.8,0.9846705156281107
791,0.5,0.005,0.5,0.8,0.9846705156281107
792,0.6,0.005,0.5,0.8,0.9846705156281107
793,0.4,0.005,0.5,1.0,0.9846705156281107
794,0.5,0.005,0.5,1.0,0.9848695998407326
795,0.6,0.005,0.5,1.0,0.9846705156281107
796,0.4,0.005,0.8,0.0,0.9846705156281107
797,0.5,0.005,0.8,0.0,0.9846705156281107
798,0.6,0.005,0.8,0.0,0.9846705156281107
799,0.4,0.005,0.8,0.2,0.9846705156281107
800,0.5,0.005,0.8,0.2,0.9846705156281107
801,0.6,0.005,0.8,0.2,0.9846705156281107
802,0.4,0.005,0.8,0.5,0.9846705156281107
803,0.5,0.005,0.8,0.5,0.9846705156281107
804,0.6,0.005,0.8,0.5,0.9844714314154888
805,0.4,0.005,0.8,0.8,0.9846705156281107
806,0.5,0.005,0.8,0.8,0.9848695998407326
807,0.6,0.005,0.8,0.8,0.9846705156281107
808,0.4,0.005,0.8,1.0,0.9846705156281107
809,0.5,0.005,0.8,1.0,0.9848695998407326
810,0.6,0.005,0.8,1.0,0.9846705156281107
811,0.4,0.005,1.0,0.0,0.9846705156281107
812,0.5,0.005,1.0,0.0,0.9846705156281107
813,0.6,0.005,1.0,0.0,0.9846705156281107
814,0.4,0.005,1.0,0.2,0.9846705156281107
815,0.5,0.005,1.0,0.2,0.9846705156281107
816,0.6,0.005,1.0,0.2,0.9846705156281107
817,0.4,0.005,1.0,0.5,0.9846705156281107
818,0.5,0.005,1.0,0.5,0.9846705156281107
819,0.6,0.005,1.0,0.5,0.9844714314154888
820,0.4,0.005,1.0,0.8,0.9846705156281107
821,0.5,0.005,1.0,0.8,0.9848695998407326
822,0.6,0.005,1.0,0.8,0.9844714314154888
823,0.4,0.005,1.0,1.0,0.9846705156281107
824,0.5,0.005,1.0,1.0,0.9848695998407326
825,0.6,0.005,1.0,1.0,0.9846705156281107
